Customer_ID,Name,Age,SSN,Occupation,snapshot_date,_ingested_at_utc
CUS_0x0000,User0,18,100-10-1000,Engineer,2023-03-01,2023-03-01 00:00:00
CUS_0x0001,User1,19,101-11-1001,Teacher,2023-03-01,2023-03-01 00:00:00
CUS_0x0002,User2,20,102-12-1002,Doctor,2023-03-01,2023-03-01 00:00:00
CUS_0x0003,User3,21,103-13-1003,Clerk,2023-03-01,2023-03-01 00:00:00
CUS_0x0004,User4,22,104-14-1004,Artist,2023-03-01,2023-03-01 00:00:00
CUS_0x0005,User5,23,105-15-1005,"",2023-03-01,2023-03-01 00:00:00
CUS_0x0006,User6,24,106-16-1006,Engineer,2023-03-01,2023-03-01 00:00:00
CUS_0x0007,User7,25,107-17-1007,Teacher,2023-03-01,2023-03-01 00:00:00
CUS_0x0008,User8,26,108-18-1008,Doctor,2023-03-01,2023-03-01 00:00:00
CUS_0x0009,User9,27,109-19-1009,Clerk,2023-03-01,2023-03-01 00:00:00
CUS_0x000a,User10,28,110-20-1010,Artist,2023-03-01,2023-03-01 00:00:00
CUS_0x000b,User11,29,111-21-1011,"",2023-03-01,2023-03-01 00:00:00
CUS_0x000c,User12,30,112-22-1012,Engineer,2023-03-01,2023-03-01 00:00:00
CUS_0x000d,User13,31,113-23-1013,Teacher,2023-03-01,2023-03-01 00:00:00
CUS_0x000e,User14,32,114-24-1014,Doctor,2023-03-01,2023-03-01 00:00:00
CUS_0x000f,User15,33,115-25-1015,Clerk,2023-03-01,2023-03-01 00:00:00
CUS_0x0010,User16,34,116-26-1016,Artist,2023-03-01,2023-03-01 00:00:00
CUS_0x0011,User17,35,117-27-1017,"",2023-03-01,2023-03-01 00:00:00
CUS_0x0012,User18,36,118-28-1018,Engineer,2023-03-01,2023-03-01 00:00:00
CUS_0x0013,User19,37,119-29-1019,Teacher,2023-03-01,2023-03-01 00:00:00
CUS_0x0014,User20,38,120-30-1020,Doctor,2023-03-01,2023-03-01 00:00:00
CUS_0x0015,User21,39,121-31-1021,Clerk,2023-03-01,2023-03-01 00:00:00
CUS_0x0016,User22,40,122-32-1022,Artist,2023-03-01,2023-03-01 00:00:00
CUS_0x0017,User23,41,123-33-1023,"",2023-03-01,2023-03-01 00:00:00
CUS_0x0018,User24,42,124-34-1024,Engineer,2023-03-01,2023-03-01 00:00:00
CUS_0x0019,User25,43,125-35-1025,Teacher,2023-03-01,2023-03-01 00:00:00
CUS_0x001a,User26,44,126-36-1026,Doctor,2023-03-01,2023-03-01 00:00:00
CUS_0x001b,User27,45,127-37-1027,Clerk,2023-03-01,2023-03-01 00:00:00
CUS_0x001c,User28,46,128-38-1028,Artist,2023-03-01,2023-03-01 00:00:00
CUS_0x001d,User29,47,129-39-1029,"",2023-03-01,2023-03-01 00:00:00
CUS_0x001e,User30,48,130-40-1030,Engineer,2023-03-01,2023-03-01 00:00:00
CUS_0x001f,User31,49,131-41-1031,Teacher,2023-03-01,2023-03-01 00:00:00
CUS_0x0020,User32,50,132-42-1032,Doctor,2023-03-01,2023-03-01 00:00:00
CUS_0x0021,User33,51,133-43-1033,Clerk,2023-03-01,2023-03-01 00:00:00
CUS_0x0022,User34,52,134-44-1034,Artist,2023-03-01,2023-03-01 00:00:00
CUS_0x0023,User35,53,135-45-1035,"",2023-03-01,2023-03-01 00:00:00
CUS_0x0024,User36,54,136-46-1036,Engineer,2023-03-01,2023-03-01 00:00:00
CUS_0x0025,User37,55,137-47-1037,Teacher,2023-03-01,2023-03-01 00:00:00
CUS_0x0026,User38,56,138-48-1038,Doctor,2023-03-01,2023-03-01 00:00:00
CUS_0x0027,User39,57,139-49-1039,Clerk,2023-03-01,2023-03-01 00:00:00
CUS_0x0028,User40,58,140-50-1040,Artist,2023-03-01,2023-03-01 00:00:00
CUS_0x0029,User41,59,141-51-1041,"",2023-03-01,2023-03-01 00:00:00
CUS_0x002a,User42,60,142-52-1042,Engineer,2023-03-01,2023-03-01 00:00:00
CUS_0x002b,User43,61,143-53-1043,Teacher,2023-03-01,2023-03-01 00:00:00
CUS_0x002c,User44,62,144-54-1044,Doctor,2023-03-01,2023-03-01 00:00:00
CUS_0x002d,User45,63,145-55-1045,Clerk,2023-03-01,2023-03-01 00:00:00
CUS_0x002e,User46,64,146-56-1046,Artist,2023-03-01,2023-03-01 00:00:00
CUS_0x002f,User47,65,147-57-1047,"",2023-03-01,2023-03-01 00:00:00
CUS_0x0030,User48,66,148-58-1048,Engineer,2023-03-01,2023-03-01 00:00:00
CUS_0x0031,User49,67,149-59-1049,Teacher,2023-03-01,2023-03-01 00:00:00
CUS_0x0032,User50,68,150-60-1050,Doctor,2023-03-01,2023-03-01 00:00:00
CUS_0x0033,User51,69,151-61-1051,Clerk,2023-03-01,2023-03-01 00:00:00
CUS_0x0034,User52,70,152-62-1052,Artist,2023-03-01,2023-03-01 00:00:00
CUS_0x0035,User53,71,153-63-1053,"",2023-03-01,2023-03-01 00:00:00
CUS_0x0036,User54,72,154-64-1054,Engineer,2023-03-01,2023-03-01 00:00:00
CUS_0x0037,User55,18,155-65-1055,Teacher,2023-03-01,2023-03-01 00:00:00
CUS_0x0038,User56,19,156-66-1056,Doctor,2023-03-01,2023-03-01 00:00:00
CUS_0x0039,User57,20,157-67-1057,Clerk,2023-03-01,2023-03-01 00:00:00
CUS_0x003a,User58,21,158-68-1058,Artist,2023-03-01,2023-03-01 00:00:00
CUS_0x003b,User59,22,159-69-1059,"",2023-03-01,2023-03-01 00:00:00
CUS_0x003c,User60,23,160-70-1060,Engineer,2023-03-01,2023-03-01 00:00:00
CUS_0x003d,User61,24,161-71-1061,Teacher,2023-03-01,2023-03-01 00:00:00
CUS_0x003e,User62,25,162-72-1062,Doctor,2023-03-01,2023-03-01 00:00:00
CUS_0x003f,User63,26,163-73-1063,Clerk,2023-03-01,2023-03-01 00:00:00
CUS_0x0040,User64,27,164-74-1064,Artist,2023-03-01,2023-03-01 00:00:00
CUS_0x0041,User65,28,165-75-1065,"",2023-03-01,2023-03-01 00:00:00
CUS_0x0042,User66,29,166-76-1066,Engineer,2023-03-01,2023-03-01 00:00:00
CUS_0x0043,User67,30,167-77-1067,Teacher,2023-03-01,2023-03-01 00:00:00
CUS_0x0044,User68,31,168-78-1068,Doctor,2023-03-01,2023-03-01 00:00:00
CUS_0x0045,User69,32,169-79-1069,Clerk,2023-03-01,2023-03-01 00:00:00
CUS_0x0046,User70,33,170-80-1070,Artist,2023-03-01,2023-03-01 00:00:00
CUS_0x0047,User71,34,171-81-1071,"",2023-03-01,2023-03-01 00:00:00
CUS_0x0048,User72,35,172-82-1072,Engineer,2023-03-01,2023-03-01 00:00:00
CUS_0x0049,User73,36,173-83-1073,Teacher,2023-03-01,2023-03-01 00:00:00
CUS_0x004a,User74,37,174-84-1074,Doctor,2023-03-01,2023-03-01 00:00:00
CUS_0x004b,User75,38,175-85-1075,Clerk,2023-03-01,2023-03-01 00:00:00
CUS_0x004c,User76,39,176-86-1076,Artist,2023-03-01,2023-03-01 00:00:00
CUS_0x004d,User77,40,177-87-1077,"",2023-03-01,2023-03-01 00:00:00
CUS_0x004e,User78,41,178-88-1078,Engineer,2023-03-01,2023-03-01 00:00:00
CUS_0x004f,User79,42,179-89-1079,Teacher,2023-03-01,2023-03-01 00:00:00
CUS_0x0050,User80,43,180-90-1080,Doctor,2023-03-01,2023-03-01 00:00:00
CUS_0x0051,User81,44,181-91-1081,Clerk,2023-03-01,2023-03-01 00:00:00
CUS_0x0052,User82,45,182-92-1082,Artist,2023-03-01,2023-03-01 00:00:00
CUS_0x0053,User83,46,183-93-1083,"",2023-03-01,2023-03-01 00:00:00
CUS_0x0054,User84,47,184-94-1084,Engineer,2023-03-01,2023-03-01 00:00:00
CUS_0x0055,User85,48,185-95-1085,Teacher,2023-03-01,2023-03-01 00:00:00
CUS_0x0056,User86,49,186-96-1086,Doctor,2023-03-01,2023-03-01 00:00:00
CUS_0x0057,User87,50,187-97-1087,Clerk,2023-03-01,2023-03-01 00:00:00
CUS_0x0058,User88,51,188-98-1088,Artist,2023-03-01,2023-03-01 00:00:00
CUS_0x0059,User89,52,189-99-1089,"",2023-03-01,2023-03-01 00:00:00
CUS_0x005a,User90,53,190-10-1090,Engineer,2023-03-01,2023-03-01 00:00:00
CUS_0x005b,User91,54,191-11-1091,Teacher,2023-03-01,2023-03-01 00:00:00
CUS_0x005c,User92,55,192-12-1092,Doctor,2023-03-01,2023-03-01 00:00:00
CUS_0x005d,User93,56,193-13-1093,Clerk,2023-03-01,2023-03-01 00:00:00
CUS_0x005e,User94,57,194-14-1094,Artist,2023-03-01,2023-03-01 00:00:00
CUS_0x005f,User95,58,195-15-1095,"",2023-03-01,2023-03-01 00:00:00
CUS_0x0060,User96,59,196-16-1096,Engineer,2023-03-01,2023-03-01 00:00:00
CUS_0x0061,User97,60,197-17-1097,Teacher,2023-03-01,2023-03-01 00:00:00
CUS_0x0062,User98,61,198-18-1098,Doctor,2023-03-01,2023-03-01 00:00:00
CUS_0x0063,User99,62,199-19-1099,Clerk,2023-03-01,2023-03-01 00:00:00
CUS_0x0064,User100,63,200-20-1100,Artist,2023-03-01,2023-03-01 00:00:00
CUS_0x0065,User101,64,201-21-1101,"",2023-03-01,2023-03-01 00:00:00
CUS_0x0066,User102,65,202-22-1102,Engineer,2023-03-01,2023-03-01 00:00:00
CUS_0x0067,User103,66,203-23-1103,Teacher,2023-03-01,2023-03-01 00:00:00
CUS_0x0068,User104,67,204-24-1104,Doctor,2023-03-01,2023-03-01 00:00:00
CUS_0x0069,User105,68,205-25-1105,Clerk,2023-03-01,2023-03-01 00:00:00
CUS_0x006a,User106,69,206-26-1106,Artist,2023-03-01,2023-03-01 00:00:00
CUS_0x006b,User107,70,207-27-1107,"",2023-03-01,2023-03-01 00:00:00
CUS_0x006c,User108,71,208-28-1108,Engineer,2023-03-01,2023-03-01 00:00:00
CUS_0x006d,User109,72,209-29-1109,Teacher,2023-03-01,2023-03-01 00:00:00
CUS_0x006e,User110,18,210-30-1110,Doctor,2023-03-01,2023-03-01 00:00:00
CUS_0x006f,User111,19,211-31-1111,Clerk,2023-03-01,2023-03-01 00:00:00
CUS_0x0070,User112,20,212-32-1112,Artist,2023-03-01,2023-03-01 00:00:00
CUS_0x0071,User113,21,213-33-1113,"",2023-03-01,2023-03-01 00:00:00
CUS_0x0072,User114,22,214-34-1114,Engineer,2023-03-01,2023-03-01 00:00:00
CUS_0x0073,User115,23,215-35-1115,Teacher,2023-03-01,2023-03-01 00:00:00
CUS_0x0074,User116,24,216-36-1116,Doctor,2023-03-01,2023-03-01 00:00:00
CUS_0x0075,User117,25,217-37-1117,Clerk,2023-03-01,2023-03-01 00:00:00
CUS_0x0076,User118,26,218-38-1118,Artist,2023-03-01,2023-03-01 00:00:00
CUS_0x0077,User119,27,219-39-1119,"",2023-03-01,2023-03-01 00:00:00
CUS_0x0078,User120,28,220-40-1120,Engineer,2023-03-01,2023-03-01 00:00:00
CUS_0x0079,User121,29,221-41-1121,Teacher,2023-03-01,2023-03-01 00:00:00
CUS_0x007a,User122,30,222-42-1122,Doctor,2023-03-01,2023-03-01 00:00:00
CUS_0x007b,User123,31,223-43-1123,Clerk,2023-03-01,2023-03-01 00:00:00
CUS_0x007c,User124,32,224-44-1124,Artist,2023-03-01,2023-03-01 00:00:00
CUS_0x007d,User125,33,225-45-1125,"",2023-03-01,2023-03-01 00:00:00
CUS_0x007e,User126,34,226-46-1126,Engineer,2023-03-01,2023-03-01 00:00:00
CUS_0x007f,User127,35,227-47-1127,Teacher,2023-03-01,2023-03-01 00:00:00
CUS_0x0080,User128,36,228-48-1128,Doctor,2023-03-01,2023-03-01 00:00:00
CUS_0x0081,User129,37,229-49-1129,Clerk,2023-03-01,2023-03-01 00:00:00
CUS_0x0082,User130,38,230-50-1130,Artist,2023-03-01,2023-03-01 00:00:00
CUS_0x0083,User131,39,231-51-1131,"",2023-03-01,2023-03-01 00:00:00
CUS_0x0084,User132,40,232-52-1132,Engineer,2023-03-01,2023-03-01 00:00:00
CUS_0x0085,User133,41,233-53-1133,Teacher,2023-03-01,2023-03-01 00:00:00
CUS_0x0086,User134,42,234-54-1134,Doctor,2023-03-01,2023-03-01 00:00:00
CUS_0x0087,User135,43,235-55-1135,Clerk,2023-03-01,2023-03-01 00:00:00
CUS_0x0088,User136,44,236-56-1136,Artist,2023-03-01,2023-03-01 00:00:00
CUS_0x0089,User137,45,237-57-1137,"",2023-03-01,2023-03-01 00:00:00
CUS_0x008a,User138,46,238-58-1138,Engineer,2023-03-01,2023-03-01 00:00:00
CUS_0x008b,User139,47,239-59-1139,Teacher,2023-03-01,2023-03-01 00:00:00
CUS_0x008c,User140,48,240-60-1140,Doctor,2023-03-01,2023-03-01 00:00:00
CUS_0x008d,User141,49,241-61-1141,Clerk,2023-03-01,2023-03-01 00:00:00
CUS_0x008e,User142,50,242-62-1142,Artist,2023-03-01,2023-03-01 00:00:00
CUS_0x008f,User143,51,243-63-1143,"",2023-03-01,2023-03-01 00:00:00
CUS_0x0090,User144,52,244-64-1144,Engineer,2023-03-01,2023-03-01 00:00:00
CUS_0x0091,User145,53,245-65-1145,Teacher,2023-03-01,2023-03-01 00:00:00
CUS_0x0092,User146,54,246-66-1146,Doctor,2023-03-01,2023-03-01 00:00:00
CUS_0x0093,User147,55,247-67-1147,Clerk,2023-03-01,2023-03-01 00:00:00
CUS_0x0094,User148,56,248-68-1148,Artist,2023-03-01,2023-03-01 00:00:00
CUS_0x0095,User149,57,249-69-1149,"",2023-03-01,2023-03-01 00:00:00
CUS_0x0096,User150,58,250-70-1150,Engineer,2023-03-01,2023-03-01 00:00:00
CUS_0x0097,User151,59,251-71-1151,Teacher,2023-03-01,2023-03-01 00:00:00
CUS_0x0098,User152,60,252-72-1152,Doctor,2023-03-01,2023-03-01 00:00:00
CUS_0x0099,User153,61,253-73-1153,Clerk,2023-03-01,2023-03-01 00:00:00
CUS_0x009a,User154,62,254-74-1154,Artist,2023-03-01,2023-03-01 00:00:00
CUS_0x009b,User155,63,255-75-1155,"",2023-03-01,2023-03-01 00:00:00
CUS_0x009c,User156,64,256-76-1156,Engineer,2023-03-01,2023-03-01 00:00:00
CUS_0x009d,User157,65,257-77-1157,Teacher,2023-03-01,2023-03-01 00:00:00
CUS_0x009e,User158,66,258-78-1158,Doctor,2023-03-01,2023-03-01 00:00:00
CUS_0x009f,User159,67,259-79-1159,Clerk,2023-03-01,2023-03-01 00:00:00
CUS_0x00a0,User160,68,260-80-1160,Artist,2023-03-01,2023-03-01 00:00:00
CUS_0x00a1,User161,69,261-81-1161,"",2023-03-01,2023-03-01 00:00:00
CUS_0x00a2,User162,70,262-82-1162,Engineer,2023-03-01,2023-03-01 00:00:00
CUS_0x00a3,User163,71,263-83-1163,Teacher,2023-03-01,2023-03-01 00:00:00
CUS_0x00a4,User164,72,264-84-1164,Doctor,2023-03-01,2023-03-01 00:00:00
CUS_0x00a5,User165,18,265-85-1165,Clerk,2023-03-01,2023-03-01 00:00:00
CUS_0x00a6,User166,19,266-86-1166,Artist,2023-03-01,2023-03-01 00:00:00
CUS_0x00a7,User167,20,267-87-1167,"",2023-03-01,2023-03-01 00:00:00
CUS_0x00a8,User168,21,268-88-1168,Engineer,2023-03-01,2023-03-01 00:00:00
CUS_0x00a9,User169,22,269-89-1169,Teacher,2023-03-01,2023-03-01 00:00:00
CUS_0x00aa,User170,23,270-90-1170,Doctor,2023-03-01,2023-03-01 00:00:00
CUS_0x00ab,User171,24,271-91-1171,Clerk,2023-03-01,2023-03-01 00:00:00
CUS_0x00ac,User172,25,272-92-1172,Artist,2023-03-01,2023-03-01 00:00:00
CUS_0x00ad,User173,26,273-93-1173,"",2023-03-01,2023-03-01 00:00:00
CUS_0x00ae,User174,27,274-94-1174,Engineer,2023-03-01,2023-03-01 00:00:00
CUS_0x00af,User175,28,275-95-1175,Teacher,2023-03-01,2023-03-01 00:00:00
CUS_0x00b0,User176,29,276-96-1176,Doctor,2023-03-01,2023-03-01 00:00:00
CUS_0x00b1,User177,30,277-97-1177,Clerk,2023-03-01,2023-03-01 00:00:00
CUS_0x00b2,User178,31,278-98-1178,Artist,2023-03-01,2023-03-01 00:00:00
CUS_0x00b3,User179,32,279-99-1179,"",2023-03-01,2023-03-01 00:00:00
CUS_0x00b4,User180,33,280-10-1180,Engineer,2023-03-01,2023-03-01 00:00:00
CUS_0x00b5,User181,34,281-11-1181,Teacher,2023-03-01,2023-03-01 00:00:00
CUS_0x00b6,User182,35,282-12-1182,Doctor,2023-03-01,2023-03-01 00:00:00
CUS_0x00b7,User183,36,283-13-1183,Clerk,2023-03-01,2023-03-01 00:00:00
CUS_0x00b8,User184,37,284-14-1184,Artist,2023-03-01,2023-03-01 00:00:00
CUS_0x00b9,User185,38,285-15-1185,"",2023-03-01,2023-03-01 00:00:00
CUS_0x00ba,User186,39,286-16-1186,Engineer,2023-03-01,2023-03-01 00:00:00
CUS_0x00bb,User187,40,287-17-1187,Teacher,2023-03-01,2023-03-01 00:00:00
CUS_0x00bc,User188,41,288-18-1188,Doctor,2023-03-01,2023-03-01 00:00:00
CUS_0x00bd,User189,42,289-19-1189,Clerk,2023-03-01,2023-03-01 00:00:00
CUS_0x00be,User190,43,290-20-1190,Artist,2023-03-01,2023-03-01 00:00:00
CUS_0x00bf,User191,44,291-21-1191,"",2023-03-01,2023-03-01 00:00:00
CUS_0x00c0,User192,45,292-22-1192,Engineer,2023-03-01,2023-03-01 00:00:00
CUS_0x00c1,User193,46,293-23-1193,Teacher,2023-03-01,2023-03-01 00:00:00
CUS_0x00c2,User194,47,294-24-1194,Doctor,2023-03-01,2023-03-01 00:00:00
CUS_0x00c3,User195,48,295-25-1195,Clerk,2023-03-01,2023-03-01 00:00:00
CUS_0x00c4,User196,49,296-26-1196,Artist,2023-03-01,2023-03-01 00:00:00
CUS_0x00c5,User197,50,297-27-1197,"",2023-03-01,2023-03-01 00:00:00
CUS_0x00c6,User198,51,298-28-1198,Engineer,2023-03-01,2023-03-01 00:00:00
CUS_0x00c7,User199,52,299-29-1199,Teacher,2023-03-01,2023-03-01 00:00:00
CUS_0x00c8,User200,53,300-30-1200,Doctor,2023-03-01,2023-03-01 00:00:00
CUS_0x00c9,User201,54,301-31-1201,Clerk,2023-03-01,2023-03-01 00:00:00
CUS_0x00ca,User202,55,302-32-1202,Artist,2023-03-01,2023-03-01 00:00:00
CUS_0x00cb,User203,56,303-33-1203,"",2023-03-01,2023-03-01 00:00:00
CUS_0x00cc,User204,57,304-34-1204,Engineer,2023-03-01,2023-03-01 00:00:00
CUS_0x00cd,User205,58,305-35-1205,Teacher,2023-03-01,2023-03-01 00:00:00
CUS_0x00ce,User206,59,306-36-1206,Doctor,2023-03-01,2023-03-01 00:00:00
CUS_0x00cf,User207,60,307-37-1207,Clerk,2023-03-01,2023-03-01 00:00:00
CUS_0x00d0,User208,61,308-38-1208,Artist,2023-03-01,2023-03-01 00:00:00
CUS_0x00d1,User209,62,309-39-1209,"",2023-03-01,2023-03-01 00:00:00
CUS_0x00d2,User210,63,310-40-1210,Engineer,2023-03-01,2023-03-01 00:00:00
CUS_0x00d3,User211,64,311-41-1211,Teacher,2023-03-01,2023-03-01 00:00:00
CUS_0x00d4,User212,65,312-42-1212,Doctor,2023-03-01,2023-03-01 00:00:00
CUS_0x00d5,User213,66,313-43-1213,Clerk,2023-03-01,2023-03-01 00:00:00
CUS_0x00d6,User214,67,314-44-1214,Artist,2023-03-01,2023-03-01 00:00:00
CUS_0x00d7,User215,68,315-45-1215,"",2023-03-01,2023-03-01 00:00:00
CUS_0x00d8,User216,69,316-46-1216,Engineer,2023-03-01,2023-03-01 00:00:00
CUS_0x00d9,User217,70,317-47-1217,Teacher,2023-03-01,2023-03-01 00:00:00
CUS_0x00da,User218,71,318-48-1218,Doctor,2023-03-01,2023-03-01 00:00:00
CUS_0x00db,User219,72,319-49-1219,Clerk,2023-03-01,2023-03-01 00:00:00
CUS_0x00dc,User220,18,320-50-1220,Artist,2023-03-01,2023-03-01 00:00:00
CUS_0x00dd,User221,19,321-51-1221,"",2023-03-01,2023-03-01 00:00:00
CUS_0x00de,User222,20,322-52-1222,Engineer,2023-03-01,2023-03-01 00:00:00
CUS_0x00df,User223,21,323-53-1223,Teacher,2023-03-01,2023-03-01 00:00:00
CUS_0x00e0,User224,22,324-54-1224,Doctor,2023-03-01,2023-03-01 00:00:00
CUS_0x00e1,User225,23,325-55-1225,Clerk,2023-03-01,2023-03-01 00:00:00
CUS_0x00e2,User226,24,326-56-1226,Artist,2023-03-01,2023-03-01 00:00:00
CUS_0x00e3,User227,25,327-57-1227,"",2023-03-01,2023-03-01 00:00:00
CUS_0x00e4,User228,26,328-58-1228,Engineer,2023-03-01,2023-03-01 00:00:00
CUS_0x00e5,User229,27,329-59-1229,Teacher,2023-03-01,2023-03-01 00:00:00
CUS_0x00e6,User230,28,330-60-1230,Doctor,2023-03-01,2023-03-01 00:00:00
CUS_0x00e7,User231,29,331-61-1231,Clerk,2023-03-01,2023-03-01 00:00:00
CUS_0x00e8,User232,30,332-62-1232,Artist,2023-03-01,2023-03-01 00:00:00
CUS_0x00e9,User233,31,333-63-1233,"",2023-03-01,2023-03-01 00:00:00
CUS_0x00ea,User234,32,334-64-1234,Engineer,2023-03-01,2023-03-01 00:00:00
CUS_0x00eb,User235,33,335-65-1235,Teacher,2023-03-01,2023-03-01 00:00:00
CUS_0x00ec,User236,34,336-66-1236,Doctor,2023-03-01,2023-03-01 00:00:00
CUS_0x00ed,User237,35,337-67-1237,Clerk,2023-03-01,2023-03-01 00:00:00
CUS_0x00ee,User238,36,338-68-1238,Artist,2023-03-01,2023-03-01 00:00:00
CUS_0x00ef,User239,37,339-69-1239,"",2023-03-01,2023-03-01 00:00:00
CUS_0x00f0,User240,38,340-70-1240,Engineer,2023-03-01,2023-03-01 00:00:00
CUS_0x00f1,User241,39,341-71-1241,Teacher,2023-03-01,2023-03-01 00:00:00
CUS_0x00f2,User242,40,342-72-1242,Doctor,2023-03-01,2023-03-01 00:00:00
CUS_0x00f3,User243,41,343-73-1243,Clerk,2023-03-01,2023-03-01 00:00:00
CUS_0x00f4,User244,42,344-74-1244,Artist,2023-03-01,2023-03-01 00:00:00
CUS_0x00f5,User245,43,345-75-1245,"",2023-03-01,2023-03-01 00:00:00
CUS_0x00f6,User246,44,346-76-1246,Engineer,2023-03-01,2023-03-01 00:00:00
CUS_0x00f7,User247,45,347-77-1247,Teacher,2023-03-01,2023-03-01 00:00:00
CUS_0x00f8,User248,46,348-78-1248,Doctor,2023-03-01,2023-03-01 00:00:00
CUS_0x00f9,User249,47,349-79-1249,Clerk,2023-03-01,2023-03-01 00:00:00
CUS_0x00fa,User250,48,350-80-1250,Artist,2023-03-01,2023-03-01 00:00:00
CUS_0x00fb,User251,49,351-81-1251,"",2023-03-01,2023-03-01 00:00:00
CUS_0x00fc,User252,50,352-82-1252,Engineer,2023-03-01,2023-03-01 00:00:00
CUS_0x00fd,User253,51,353-83-1253,Teacher,2023-03-01,2023-03-01 00:00:00
CUS_0x00fe,User254,52,354-84-1254,Doctor,2023-03-01,2023-03-01 00:00:00
CUS_0x00ff,User255,53,355-85-1255,Clerk,2023-03-01,2023-03-01 00:00:00
CUS_0x0100,User256,54,356-86-1256,Artist,2023-03-01,2023-03-01 00:00:00
CUS_0x0101,User257,55,357-87-1257,"",2023-03-01,2023-03-01 00:00:00
CUS_0x0102,User258,56,358-88-1258,Engineer,2023-03-01,2023-03-01 00:00:00
CUS_0x0103,User259,57,359-89-1259,Teacher,2023-03-01,2023-03-01 00:00:00
CUS_0x0104,User260,58,360-90-1260,Doctor,2023-03-01,2023-03-01 00:00:00
CUS_0x0105,User261,59,361-91-1261,Clerk,2023-03-01,2023-03-01 00:00:00
CUS_0x0106,User262,60,362-92-1262,Artist,2023-03-01,2023-03-01 00:00:00
CUS_0x0107,User263,61,363-93-1263,"",2023-03-01,2023-03-01 00:00:00
CUS_0x0108,User264,62,364-94-1264,Engineer,2023-03-01,2023-03-01 00:00:00
CUS_0x0109,User265,63,365-95-1265,Teacher,2023-03-01,2023-03-01 00:00:00
CUS_0x010a,User266,64,366-96-1266,Doctor,2023-03-01,2023-03-01 00:00:00
CUS_0x010b,User267,65,367-97-1267,Clerk,2023-03-01,2023-03-01 00:00:00
CUS_0x010c,User268,66,368-98-1268,Artist,2023-03-01,2023-03-01 00:00:00
CUS_0x010d,User269,67,369-99-1269,"",2023-03-01,2023-03-01 00:00:00
CUS_0x010e,User270,68,370-10-1270,Engineer,2023-03-01,2023-03-01 00:00:00
CUS_0x010f,User271,69,371-11-1271,Teacher,2023-03-01,2023-03-01 00:00:00
CUS_0x0110,User272,70,372-12-1272,Doctor,2023-03-01,2023-03-01 00:00:00
CUS_0x0111,User273,71,373-13-1273,Clerk,2023-03-01,2023-03-01 00:00:00
CUS_0x0112,User274,72,374-14-1274,Artist,2023-03-01,2023-03-01 00:00:00
CUS_0x0113,User275,18,375-15-1275,"",2023-03-01,2023-03-01 00:00:00
CUS_0x0114,User276,19,376-16-1276,Engineer,2023-03-01,2023-03-01 00:00:00
CUS_0x0115,User277,20,377-17-1277,Teacher,2023-03-01,2023-03-01 00:00:00
CUS_0x0116,User278,21,378-18-1278,Doctor,2023-03-01,2023-03-01 00:00:00
CUS_0x0117,User279,22,379-19-1279,Clerk,2023-03-01,2023-03-01 00:00:00
CUS_0x0118,User280,23,380-20-1280,Artist,2023-03-01,2023-03-01 00:00:00
CUS_0x0119,User281,24,381-21-1281,"",2023-03-01,2023-03-01 00:00:00
CUS_0x011a,User282,25,382-22-1282,Engineer,2023-03-01,2023-03-01 00:00:00
CUS_0x011b,User283,26,383-23-1283,Teacher,2023-03-01,2023-03-01 00:00:00
CUS_0x011c,User284,27,384-24-1284,Doctor,2023-03-01,2023-03-01 00:00:00
CUS_0x011d,User285,28,385-25-1285,Clerk,2023-03-01,2023-03-01 00:00:00
CUS_0x011e,User286,29,386-26-1286,Artist,2023-03-01,2023-03-01 00:00:00
CUS_0x011f,User287,30,387-27-1287,"",2023-03-01,2023-03-01 00:00:00
CUS_0x0120,User288,31,388-28-1288,Engineer,2023-03-01,2023-03-01 00:00:00
CUS_0x0121,User289,32,389-29-1289,Teacher,2023-03-01,2023-03-01 00:00:00
CUS_0x0122,User290,33,390-30-1290,Doctor,2023-03-01,2023-03-01 00:00:00
CUS_0x0123,User291,34,391-31-1291,Clerk,2023-03-01,2023-03-01 00:00:00
CUS_0x0124,User292,35,392-32-1292,Artist,2023-03-01,2023-03-01 00:00:00
CUS_0x0125,User293,36,393-33-1293,"",2023-03-01,2023-03-01 00:00:00
CUS_0x0126,User294,37,394-34-1294,Engineer,2023-03-01,2023-03-01 00:00:00
CUS_0x0127,User295,38,395-35-1295,Teacher,2023-03-01,2023-03-01 00:00:00
CUS_0x0128,User296,39,396-36-1296,Doctor,2023-03-01,2023-03-01 00:00:00
CUS_0x0129,User297,40,397-37-1297,Clerk,2023-03-01,2023-03-01 00:00:00
CUS_0x012a,User298,41,398-38-1298,Artist,2023-03-01,2023-03-01 00:00:00
CUS_0x012b,User299,42,399-39-1299,"",2023-03-01,2023-03-01 00:00:00
CUS_0x012c,User300,43,400-40-1300,Engineer,2023-03-01,2023-03-01 00:00:00
CUS_0x012d,User301,44,401-41-1301,Teacher,2023-03-01,2023-03-01 00:00:00
CUS_0x012e,User302,45,402-42-1302,Doctor,2023-03-01,2023-03-01 00:00:00
CUS_0x012f,User303,46,403-43-1303,Clerk,2023-03-01,2023-03-01 00:00:00
CUS_0x0130,User304,47,404-44-1304,Artist,2023-03-01,2023-03-01 00:00:00
CUS_0x0131,User305,48,405-45-1305,"",2023-03-01,2023-03-01 00:00:00
CUS_0x0132,User306,49,406-46-1306,Engineer,2023-03-01,2023-03-01 00:00:00
CUS_0x0133,User307,50,407-47-1307,Teacher,2023-03-01,2023-03-01 00:00:00
CUS_0x0134,User308,51,408-48-1308,Doctor,2023-03-01,2023-03-01 00:00:00
CUS_0x0135,User309,52,409-49-1309,Clerk,2023-03-01,2023-03-01 00:00:00
CUS_0x0136,User310,53,410-50-1310,Artist,2023-03-01,2023-03-01 00:00:00
CUS_0x0137,User311,54,411-51-1311,"",2023-03-01,2023-03-01 00:00:00
CUS_0x0138,User312,55,412-52-1312,Engineer,2023-03-01,2023-03-01 00:00:00
CUS_0x0139,User313,56,413-53-1313,Teacher,2023-03-01,2023-03-01 00:00:00
CUS_0x013a,User314,57,414-54-1314,Doctor,2023-03-01,2023-03-01 00:00:00
CUS_0x013b,User315,58,415-55-1315,Clerk,2023-03-01,2023-03-01 00:00:00
CUS_0x013c,User316,59,416-56-1316,Artist,2023-03-01,2023-03-01 00:00:00
CUS_0x013d,User317,60,417-57-1317,"",2023-03-01,2023-03-01 00:00:00
CUS_0x013e,User318,61,418-58-1318,Engineer,2023-03-01,2023-03-01 00:00:00
CUS_0x013f,User319,62,419-59-1319,Teacher,2023-03-01,2023-03-01 00:00:00
CUS_0x0140,User320,63,420-60-1320,Doctor,2023-03-01,2023-03-01 00:00:00
CUS_0x0141,User321,64,421-61-1321,Clerk,2023-03-01,2023-03-01 00:00:00
CUS_0x0142,User322,65,422-62-1322,Artist,2023-03-01,2023-03-01 00:00:00
CUS_0x0143,User323,66,423-63-1323,"",2023-03-01,2023-03-01 00:00:00
CUS_0x0144,User324,67,424-64-1324,Engineer,2023-03-01,2023-03-01 00:00:00
CUS_0x0145,User325,68,425-65-1325,Teacher,2023-03-01,2023-03-01 00:00:00
CUS_0x0146,User326,69,426-66-1326,Doctor,2023-03-01,2023-03-01 00:00:00
CUS_0x0147,User327,70,427-67-1327,Clerk,2023-03-01,2023-03-01 00:00:00
CUS_0x0148,User328,71,428-68-1328,Artist,2023-03-01,2023-03-01 00:00:00
CUS_0x0149,User329,72,429-69-1329,"",2023-03-01,2023-03-01 00:00:00
CUS_0x014a,User330,18,430-70-1330,Engineer,2023-03-01,2023-03-01 00:00:00
CUS_0x014b,User331,19,431-71-1331,Teacher,2023-03-01,2023-03-01 00:00:00
CUS_0x014c,User332,20,432-72-1332,Doctor,2023-03-01,2023-03-01 00:00:00
CUS_0x014d,User333,21,433-73-1333,Clerk,2023-03-01,2023-03-01 00:00:00
CUS_0x014e,User334,22,434-74-1334,Artist,2023-03-01,2023-03-01 00:00:00
CUS_0x014f,User335,23,435-75-1335,"",2023-03-01,2023-03-01 00:00:00
CUS_0x0150,User336,24,436-76-1336,Engineer,2023-03-01,2023-03-01 00:00:00
CUS_0x0151,User337,25,437-77-1337,Teacher,2023-03-01,2023-03-01 00:00:00
CUS_0x0152,User338,26,438-78-1338,Doctor,2023-03-01,2023-03-01 00:00:00
CUS_0x0153,User339,27,439-79-1339,Clerk,2023-03-01,2023-03-01 00:00:00
CUS_0x0154,User340,28,440-80-1340,Artist,2023-03-01,2023-03-01 00:00:00
CUS_0x0155,User341,29,441-81-1341,"",2023-03-01,2023-03-01 00:00:00
CUS_0x0156,User342,30,442-82-1342,Engineer,2023-03-01,2023-03-01 00:00:00
CUS_0x0157,User343,31,443-83-1343,Teacher,2023-03-01,2023-03-01 00:00:00
CUS_0x0158,User344,32,444-84-1344,Doctor,2023-03-01,2023-03-01 00:00:00
CUS_0x0159,User345,33,445-85-1345,Clerk,2023-03-01,2023-03-01 00:00:00
CUS_0x015a,User346,34,446-86-1346,Artist,2023-03-01,2023-03-01 00:00:00
CUS_0x015b,User347,35,447-87-1347,"",2023-03-01,2023-03-01 00:00:00
CUS_0x015c,User348,36,448-88-1348,Engineer,2023-03-01,2023-03-01 00:00:00
CUS_0x015d,User349,37,449-89-1349,Teacher,2023-03-01,2023-03-01 00:00:00
CUS_0x015e,User350,38,450-90-1350,Doctor,2023-03-01,2023-03-01 00:00:00
CUS_0x015f,User351,39,451-91-1351,Clerk,2023-03-01,2023-03-01 00:00:00
CUS_0x0160,User352,40,452-92-1352,Artist,2023-03-01,2023-03-01 00:00:00
CUS_0x0161,User353,41,453-93-1353,"",2023-03-01,2023-03-01 00:00:00
CUS_0x0162,User354,42,454-94-1354,Engineer,2023-03-01,2023-03-01 00:00:00
CUS_0x0163,User355,43,455-95-1355,Teacher,2023-03-01,2023-03-01 00:00:00
CUS_0x0164,User356,44,456-96-1356,Doctor,2023-03-01,2023-03-01 00:00:00
CUS_0x0165,User357,45,457-97-1357,Clerk,2023-03-01,2023-03-01 00:00:00
CUS_0x0166,User358,46,458-98-1358,Artist,2023-03-01,2023-03-01 00:00:00
CUS_0x0167,User359,47,459-99-1359,"",2023-03-01,2023-03-01 00:00:00
CUS_0x0168,User360,48,460-10-1360,Engineer,2023-03-01,2023-03-01 00:00:00
CUS_0x0169,User361,49,461-11-1361,Teacher,2023-03-01,2023-03-01 00:00:00
CUS_0x016a,User362,50,462-12-1362,Doctor,2023-03-01,2023-03-01 00:00:00
CUS_0x016b,User363,51,463-13-1363,Clerk,2023-03-01,2023-03-01 00:00:00
CUS_0x016c,User364,52,464-14-1364,Artist,2023-03-01,2023-03-01 00:00:00
CUS_0x016d,User365,53,465-15-1365,"",2023-03-01,2023-03-01 00:00:00
CUS_0x016e,User366,54,466-16-1366,Engineer,2023-03-01,2023-03-01 00:00:00
CUS_0x016f,User367,55,467-17-1367,Teacher,2023-03-01,2023-03-01 00:00:00
CUS_0x0170,User368,56,468-18-1368,Doctor,2023-03-01,2023-03-01 00:00:00
CUS_0x0171,User369,57,469-19-1369,Clerk,2023-03-01,2023-03-01 00:00:00
CUS_0x0172,User370,58,470-20-1370,Artist,2023-03-01,2023-03-01 00:00:00
CUS_0x0173,User371,59,471-21-1371,"",2023-03-01,2023-03-01 00:00:00
CUS_0x0174,User372,60,472-22-1372,Engineer,2023-03-01,2023-03-01 00:00:00
CUS_0x0175,User373,61,473-23-1373,Teacher,2023-03-01,2023-03-01 00:00:00
CUS_0x0176,User374,62,474-24-1374,Doctor,2023-03-01,2023-03-01 00:00:00
CUS_0x0177,User375,63,475-25-1375,Clerk,2023-03-01,2023-03-01 00:00:00
CUS_0x0178,User376,64,476-26-1376,Artist,2023-03-01,2023-03-01 00:00:00
CUS_0x0179,User377,65,477-27-1377,"",2023-03-01,2023-03-01 00:00:00
CUS_0x017a,User378,66,478-28-1378,Engineer,2023-03-01,2023-03-01 00:00:00
CUS_0x017b,User379,67,479-29-1379,Teacher,2023-03-01,2023-03-01 00:00:00
CUS_0x017c,User380,68,480-30-1380,Doctor,2023-03-01,2023-03-01 00:00:00
CUS_0x017d,User381,69,481-31-1381,Clerk,2023-03-01,2023-03-01 00:00:00
CUS_0x017e,User382,70,482-32-1382,Artist,2023-03-01,2023-03-01 00:00:00
CUS_0x017f,User383,71,483-33-1383,"",2023-03-01,2023-03-01 00:00:00
CUS_0x0180,User384,72,484-34-1384,Engineer,2023-03-01,2023-03-01 00:00:00
CUS_0x0181,User385,18,485-35-1385,Teacher,2023-03-01,2023-03-01 00:00:00
CUS_0x0182,User386,19,486-36-1386,Doctor,2023-03-01,2023-03-01 00:00:00
CUS_0x0183,User387,20,487-37-1387,Clerk,2023-03-01,2023-03-01 00:00:00
CUS_0x0184,User388,21,488-38-1388,Artist,2023-03-01,2023-03-01 00:00:00
CUS_0x0185,User389,22,489-39-1389,"",2023-03-01,2023-03-01 00:00:00
CUS_0x0186,User390,23,490-40-1390,Engineer,2023-03-01,2023-03-01 00:00:00
CUS_0x0187,User391,24,491-41-1391,Teacher,2023-03-01,2023-03-01 00:00:00
CUS_0x0188,User392,25,492-42-1392,Doctor,2023-03-01,2023-03-01 00:00:00
CUS_0x0189,User393,26,493-43-1393,Clerk,2023-03-01,2023-03-01 00:00:00
CUS_0x018a,User394,27,494-44-1394,Artist,2023-03-01,2023-03-01 00:00:00
CUS_0x018b,User395,28,495-45-1395,"",2023-03-01,2023-03-01 00:00:00
CUS_0x018c,User396,29,496-46-1396,Engineer,2023-03-01,2023-03-01 00:00:00
CUS_0x018d,User397,30,497-47-1397,Teacher,2023-03-01,2023-03-01 00:00:00
CUS_0x018e,User398,31,498-48-1398,Doctor,2023-03-01,2023-03-01 00:00:00
CUS_0x018f,User399,32,499-49-1399,Clerk,2023-03-01,2023-03-01 00:00:00
CUS_0x0190,User400,33,500-50-1400,Artist,2023-03-01,2023-03-01 00:00:00
CUS_0x0191,User401,34,501-51-1401,"",2023-03-01,2023-03-01 00:00:00
CUS_0x0192,User402,35,502-52-1402,Engineer,2023-03-01,2023-03-01 00:00:00
CUS_0x0193,User403,36,503-53-1403,Teacher,2023-03-01,2023-03-01 00:00:00
CUS_0x0194,User404,37,504-54-1404,Doctor,2023-03-01,2023-03-01 00:00:00
CUS_0x0195,User405,38,505-55-1405,Clerk,2023-03-01,2023-03-01 00:00:00
CUS_0x0196,User406,39,506-56-1406,Artist,2023-03-01,2023-03-01 00:00:00
CUS_0x0197,User407,40,507-57-1407,"",2023-03-01,2023-03-01 00:00:00
CUS_0x0198,User408,41,508-58-1408,Engineer,2023-03-01,2023-03-01 00:00:00
CUS_0x0199,User409,42,509-59-1409,Teacher,2023-03-01,2023-03-01 00:00:00
CUS_0x019a,User410,43,510-60-1410,Doctor,2023-03-01,2023-03-01 00:00:00
CUS_0x019b,User411,44,511-61-1411,Clerk,2023-03-01,2023-03-01 00:00:00
CUS_0x019c,User412,45,512-62-1412,Artist,2023-03-01,2023-03-01 00:00:00
CUS_0x019d,User413,46,513-63-1413,"",2023-03-01,2023-03-01 00:00:00
CUS_0x019e,User414,47,514-64-1414,Engineer,2023-03-01,2023-03-01 00:00:00
CUS_0x019f,User415,48,515-65-1415,Teacher,2023-03-01,2023-03-01 00:00:00
CUS_0x01a0,User416,49,516-66-1416,Doctor,2023-03-01,2023-03-01 00:00:00
CUS_0x01a1,User417,50,517-67-1417,Clerk,2023-03-01,2023-03-01 00:00:00
CUS_0x01a2,User418,51,518-68-1418,Artist,2023-03-01,2023-03-01 00:00:00
CUS_0x01a3,User419,52,519-69-1419,"",2023-03-01,2023-03-01 00:00:00
CUS_0x01a4,User420,53,520-70-1420,Engineer,2023-03-01,2023-03-01 00:00:00
CUS_0x01a5,User421,54,521-71-1421,Teacher,2023-03-01,2023-03-01 00:00:00
CUS_0x01a6,User422,55,522-72-1422,Doctor,2023-03-01,2023-03-01 00:00:00
CUS_0x01a7,User423,56,523-73-1423,Clerk,2023-03-01,2023-03-01 00:00:00
CUS_0x01a8,User424,57,524-74-1424,Artist,2023-03-01,2023-03-01 00:00:00
CUS_0x01a9,User425,58,525-75-1425,"",2023-03-01,2023-03-01 00:00:00
CUS_0x01aa,User426,59,526-76-1426,Engineer,2023-03-01,2023-03-01 00:00:00
CUS_0x01ab,User427,60,527-77-1427,Teacher,2023-03-01,2023-03-01 00:00:00
CUS_0x01ac,User428,61,528-78-1428,Doctor,2023-03-01,2023-03-01 00:00:00
CUS_0x01ad,User429,62,529-79-1429,Clerk,2023-03-01,2023-03-01 00:00:00
CUS_0x01ae,User430,63,530-80-1430,Artist,2023-03-01,2023-03-01 00:00:00
CUS_0x01af,User431,64,531-81-1431,"",2023-03-01,2023-03-01 00:00:00
CUS_0x01b0,User432,65,532-82-1432,Engineer,2023-03-01,2023-03-01 00:00:00
CUS_0x01b1,User433,66,533-83-1433,Teacher,2023-03-01,2023-03-01 00:00:00
CUS_0x01b2,User434,67,534-84-1434,Doctor,2023-03-01,2023-03-01 00:00:00
CUS_0x01b3,User435,68,535-85-1435,Clerk,2023-03-01,2023-03-01 00:00:00
CUS_0x01b4,User436,69,536-86-1436,Artist,2023-03-01,2023-03-01 00:00:00
CUS_0x01b5,User437,70,537-87-1437,"",2023-03-01,2023-03-01 00:00:00
CUS_0x01b6,User438,71,538-88-1438,Engineer,2023-03-01,2023-03-01 00:00:00
CUS_0x01b7,User439,72,539-89-1439,Teacher,2023-03-01,2023-03-01 00:00:00
CUS_0x01b8,User440,18,540-90-1440,Doctor,2023-03-01,2023-03-01 00:00:00
CUS_0x01b9,User441,19,541-91-1441,Clerk,2023-03-01,2023-03-01 00:00:00
CUS_0x01ba,User442,20,542-92-1442,Artist,2023-03-01,2023-03-01 00:00:00
CUS_0x01bb,User443,21,543-93-1443,"",2023-03-01,2023-03-01 00:00:00
CUS_0x01bc,User444,22,544-94-1444,Engineer,2023-03-01,2023-03-01 00:00:00
CUS_0x01bd,User445,23,545-95-1445,Teacher,2023-03-01,2023-03-01 00:00:00
CUS_0x01be,User446,24,546-96-1446,Doctor,2023-03-01,2023-03-01 00:00:00
CUS_0x01bf,User447,25,547-97-1447,Clerk,2023-03-01,2023-03-01 00:00:00
CUS_0x01c0,User448,26,548-98-1448,Artist,2023-03-01,2023-03-01 00:00:00
CUS_0x01c1,User449,27,549-99-1449,"",2023-03-01,2023-03-01 00:00:00
CUS_0x01c2,User450,28,550-10-1450,Engineer,2023-03-01,2023-03-01 00:00:00
CUS_0x01c3,User451,29,551-11-1451,Teacher,2023-03-01,2023-03-01 00:00:00
CUS_0x01c4,User452,30,552-12-1452,Doctor,2023-03-01,2023-03-01 00:00:00
CUS_0x01c5,User453,31,553-13-1453,Clerk,2023-03-01,2023-03-01 00:00:00
CUS_0x01c6,User454,32,554-14-1454,Artist,2023-03-01,2023-03-01 00:00:00
CUS_0x01c7,User455,33,555-15-1455,"",2023-03-01,2023-03-01 00:00:00
CUS_0x01c8,User456,34,556-16-1456,Engineer,2023-03-01,2023-03-01 00:00:00
CUS_0x01c9,User457,35,557-17-1457,Teacher,2023-03-01,2023-03-01 00:00:00
CUS_0x01ca,User458,36,558-18-1458,Doctor,2023-03-01,2023-03-01 00:00:00
CUS_0x01cb,User459,37,559-19-1459,Clerk,2023-03-01,2023-03-01 00:00:00
CUS_0x01cc,User460,38,560-20-1460,Artist,2023-03-01,2023-03-01 00:00:00
CUS_0x01cd,User461,39,561-21-1461,"",2023-03-01,2023-03-01 00:00:00
CUS_0x01ce,User462,40,562-22-1462,Engineer,2023-03-01,2023-03-01 00:00:00
CUS_0x01cf,User463,41,563-23-1463,Teacher,2023-03-01,2023-03-01 00:00:00
CUS_0x01d0,User464,42,564-24-1464,Doctor,2023-03-01,2023-03-01 00:00:00
CUS_0x01d1,User465,43,565-25-1465,Clerk,2023-03-01,2023-03-01 00:00:00
CUS_0x01d2,User466,44,566-26-1466,Artist,2023-03-01,2023-03-01 00:00:00
CUS_0x01d3,User467,45,567-27-1467,"",2023-03-01,2023-03-01 00:00:00
CUS_0x01d4,User468,46,568-28-1468,Engineer,2023-03-01,2023-03-01 00:00:00
CUS_0x01d5,User469,47,569-29-1469,Teacher,2023-03-01,2023-03-01 00:00:00
CUS_0x01d6,User470,48,570-30-1470,Doctor,2023-03-01,2023-03-01 00:00:00
CUS_0x01d7,User471,49,571-31-1471,Clerk,2023-03-01,2023-03-01 00:00:00
CUS_0x01d8,User472,50,572-32-1472,Artist,2023-03-01,2023-03-01 00:00:00
CUS_0x01d9,User473,51,573-33-1473,"",2023-03-01,2023-03-01 00:00:00
CUS_0x01da,User474,52,574-34-1474,Engineer,2023-03-01,2023-03-01 00:00:00
CUS_0x01db,User475,53,575-35-1475,Teacher,2023-03-01,2023-03-01 00:00:00
CUS_0x01dc,User476,54,576-36-1476,Doctor,2023-03-01,2023-03-01 00:00:00
CUS_0x01dd,User477,55,577-37-1477,Clerk,2023-03-01,2023-03-01 00:00:00
CUS_0x01de,User478,56,578-38-1478,Artist,2023-03-01,2023-03-01 00:00:00
CUS_0x01df,User479,57,579-39-1479,"",2023-03-01,2023-03-01 00:00:00
CUS_0x01e0,User480,58,580-40-1480,Engineer,2023-03-01,2023-03-01 00:00:00
CUS_0x01e1,User481,59,581-41-1481,Teacher,2023-03-01,2023-03-01 00:00:00
CUS_0x01e2,User482,60,582-42-1482,Doctor,2023-03-01,2023-03-01 00:00:00
CUS_0x01e3,User483,61,583-43-1483,Clerk,2023-03-01,2023-03-01 00:00:00
CUS_0x01e4,User484,62,584-44-1484,Artist,2023-03-01,2023-03-01 00:00:00
CUS_0x01e5,User485,63,585-45-1485,"",2023-03-01,2023-03-01 00:00:00
CUS_0x01e6,User486,64,586-46-1486,Engineer,2023-03-01,2023-03-01 00:00:00
CUS_0x01e7,User487,65,587-47-1487,Teacher,2023-03-01,2023-03-01 00:00:00
CUS_0x01e8,User488,66,588-48-1488,Doctor,2023-03-01,2023-03-01 00:00:00
CUS_0x01e9,User489,67,589-49-1489,Clerk,2023-03-01,2023-03-01 00:00:00
CUS_0x01ea,User490,68,590-50-1490,Artist,2023-03-01,2023-03-01 00:00:00
CUS_0x01eb,User491,69,591-51-1491,"",2023-03-01,2023-03-01 00:00:00
CUS_0x01ec,User492,70,592-52-1492,Engineer,2023-03-01,2023-03-01 00:00:00
CUS_0x01ed,User493,71,593-53-1493,Teacher,2023-03-01,2023-03-01 00:00:00
CUS_0x01ee,User494,72,594-54-1494,Doctor,2023-03-01,2023-03-01 00:00:00
CUS_0x01ef,User495,18,595-55-1495,Clerk,2023-03-01,2023-03-01 00:00:00
CUS_0x01f0,User496,19,596-56-1496,Artist,2023-03-01,2023-03-01 00:00:00
CUS_0x01f1,User497,20,597-57-1497,"",2023-03-01,2023-03-01 00:00:00
CUS_0x01f2,User498,21,598-58-1498,Engineer,2023-03-01,2023-03-01 00:00:00
CUS_0x01f3,User499,22,599-59-1499,Teacher,2023-03-01,2023-03-01 00:00:00
CUS_0x01f4,User500,23,600-60-1500,Doctor,2023-03-01,2023-03-01 00:00:00
CUS_0x01f5,User501,24,601-61-1501,Clerk,2023-03-01,2023-03-01 00:00:00
CUS_0x01f6,User502,25,602-62-1502,Artist,2023-03-01,2023-03-01 00:00:00
CUS_0x01f7,User503,26,603-63-1503,"",2023-03-01,2023-03-01 00:00:00
CUS_0x01f8,User504,27,604-64-1504,Engineer,2023-03-01,2023-03-01 00:00:00
CUS_0x01f9,User505,28,605-65-1505,Teacher,2023-03-01,2023-03-01 00:00:00
CUS_0x01fa,User506,29,606-66-1506,Doctor,2023-03-01,2023-03-01 00:00:00
CUS_0x01fb,User507,30,607-67-1507,Clerk,2023-03-01,2023-03-01 00:00:00
CUS_0x01fc,User508,31,608-68-1508,Artist,2023-03-01,2023-03-01 00:00:00
CUS_0x01fd,User509,32,609-69-1509,"",2023-03-01,2023-03-01 00:00:00
CUS_0x01fe,User510,33,610-70-1510,Engineer,2023-03-01,2023-03-01 00:00:00
CUS_0x01ff,User511,34,611-71-1511,Teacher,2023-03-01,2023-03-01 00:00:00
CUS_0x0200,User512,35,612-72-1512,Doctor,2023-03-01,2023-03-01 00:00:00
CUS_0x0201,User513,36,613-73-1513,Clerk,2023-03-01,2023-03-01 00:00:00
CUS_0x0202,User514,37,614-74-1514,Artist,2023-03-01,2023-03-01 00:00:00
CUS_0x0203,User515,38,615-75-1515,"",2023-03-01,2023-03-01 00:00:00
CUS_0x0204,User516,39,616-76-1516,Engineer,2023-03-01,2023-03-01 00:00:00
CUS_0x0205,User517,40,617-77-1517,Teacher,2023-03-01,2023-03-01 00:00:00
CUS_0x0206,User518,41,618-78-1518,Doctor,2023-03-01,2023-03-01 00:00:00
CUS_0x0207,User519,42,619-79-1519,Clerk,2023-03-01,2023-03-01 00:00:00
CUS_0x0208,User520,43,620-80-1520,Artist,2023-03-01,2023-03-01 00:00:00
CUS_0x0209,User521,44,621-81-1521,"",2023-03-01,2023-03-01 00:00:00
CUS_0x020a,User522,45,622-82-1522,Engineer,2023-03-01,2023-03-01 00:00:00
CUS_0x020b,User523,46,623-83-1523,Teacher,2023-03-01,2023-03-01 00:00:00
CUS_0x020c,User524,47,624-84-1524,Doctor,2023-03-01,2023-03-01 00:00:00
CUS_0x020d,User525,48,625-85-1525,Clerk,2023-03-01,2023-03-01 00:00:00
CUS_0x020e,User526,49,626-86-1526,Artist,2023-03-01,2023-03-01 00:00:00
CUS_0x020f,User527,50,627-87-1527,"",2023-03-01,2023-03-01 00:00:00
CUS_0x0210,User528,51,628-88-1528,Engineer,2023-03-01,2023-03-01 00:00:00
CUS_0x0211,User529,52,629-89-1529,Teacher,2023-03-01,2023-03-01 00:00:00
CUS_0x0212,User530,53,630-90-1530,Doctor,2023-03-01,2023-03-01 00:00:00
CUS_0x0213,User531,54,631-91-1531,Clerk,2023-03-01,2023-03-01 00:00:00
CUS_0x0214,User532,55,632-92-1532,Artist,2023-03-01,2023-03-01 00:00:00
CUS_0x0215,User533,56,633-93-1533,"",2023-03-01,2023-03-01 00:00:00
CUS_0x0216,User534,57,634-94-1534,Engineer,2023-03-01,2023-03-01 00:00:00
CUS_0x0217,User535,58,635-95-1535,Teacher,2023-03-01,2023-03-01 00:00:00
CUS_0x0218,User536,59,636-96-1536,Doctor,2023-03-01,2023-03-01 00:00:00
CUS_0x0219,User537,60,637-97-1537,Clerk,2023-03-01,2023-03-01 00:00:00
CUS_0x021a,User538,61,638-98-1538,Artist,2023-03-01,2023-03-01 00:00:00
CUS_0x021b,User539,62,639-99-1539,"",2023-03-01,2023-03-01 00:00:00
CUS_0x021c,User540,63,640-10-1540,Engineer,2023-03-01,2023-03-01 00:00:00
CUS_0x021d,User541,64,641-11-1541,Teacher,2023-03-01,2023-03-01 00:00:00
CUS_0x021e,User542,65,642-12-1542,Doctor,2023-03-01,2023-03-01 00:00:00
CUS_0x021f,User543,66,643-13-1543,Clerk,2023-03-01,2023-03-01 00:00:00
CUS_0x0220,User544,67,644-14-1544,Artist,2023-03-01,2023-03-01 00:00:00
CUS_0x0221,User545,68,645-15-1545,"",2023-03-01,2023-03-01 00:00:00
CUS_0x0222,User546,69,646-16-1546,Engineer,2023-03-01,2023-03-01 00:00:00
CUS_0x0223,User547,70,647-17-1547,Teacher,2023-03-01,2023-03-01 00:00:00
CUS_0x0224,User548,71,648-18-1548,Doctor,2023-03-01,2023-03-01 00:00:00
CUS_0x0225,User549,72,649-19-1549,Clerk,2023-03-01,2023-03-01 00:00:00
CUS_0x0226,User550,18,650-20-1550,Artist,2023-03-01,2023-03-01 00:00:00
CUS_0x0227,User551,19,651-21-1551,"",2023-03-01,2023-03-01 00:00:00
CUS_0x0228,User552,20,652-22-1552,Engineer,2023-03-01,2023-03-01 00:00:00
CUS_0x0229,User553,21,653-23-1553,Teacher,2023-03-01,2023-03-01 00:00:00
CUS_0x022a,User554,22,654-24-1554,Doctor,2023-03-01,2023-03-01 00:00:00
CUS_0x022b,User555,23,655-25-1555,Clerk,2023-03-01,2023-03-01 00:00:00
CUS_0x022c,User556,24,656-26-1556,Artist,2023-03-01,2023-03-01 00:00:00
CUS_0x022d,User557,25,657-27-1557,"",2023-03-01,2023-03-01 00:00:00
CUS_0x022e,User558,26,658-28-1558,Engineer,2023-03-01,2023-03-01 00:00:00
CUS_0x022f,User559,27,659-29-1559,Teacher,2023-03-01,2023-03-01 00:00:00
CUS_0x0230,User560,28,660-30-1560,Doctor,2023-03-01,2023-03-01 00:00:00
CUS_0x0231,User561,29,661-31-1561,Clerk,2023-03-01,2023-03-01 00:00:00
CUS_0x0232,User562,30,662-32-1562,Artist,2023-03-01,2023-03-01 00:00:00
CUS_0x0233,User563,31,663-33-1563,"",2023-03-01,2023-03-01 00:00:00
CUS_0x0234,User564,32,664-34-1564,Engineer,2023-03-01,2023-03-01 00:00:00
CUS_0x0235,User565,33,665-35-1565,Teacher,2023-03-01,2023-03-01 00:00:00
CUS_0x0236,User566,34,666-36-1566,Doctor,2023-03-01,2023-03-01 00:00:00
CUS_0x0237,User567,35,667-37-1567,Clerk,2023-03-01,2023-03-01 00:00:00
CUS_0x0238,User568,36,668-38-1568,Artist,2023-03-01,2023-03-01 00:00:00
CUS_0x0239,User569,37,669-39-1569,"",2023-03-01,2023-03-01 00:00:00
CUS_0x023a,User570,38,670-40-1570,Engineer,2023-03-01,2023-03-01 00:00:00
CUS_0x023b,User571,39,671-41-1571,Teacher,2023-03-01,2023-03-01 00:00:00
CUS_0x023c,User572,40,672-42-1572,Doctor,2023-03-01,2023-03-01 00:00:00
CUS_0x023d,User573,41,673-43-1573,Clerk,2023-03-01,2023-03-01 00:00:00
CUS_0x023e,User574,42,674-44-1574,Artist,2023-03-01,2023-03-01 00:00:00
CUS_0x023f,User575,43,675-45-1575,"",2023-03-01,2023-03-01 00:00:00
CUS_0x0240,User576,44,676-46-1576,Engineer,2023-03-01,2023-03-01 00:00:00
CUS_0x0241,User577,45,677-47-1577,Teacher,2023-03-01,2023-03-01 00:00:00
CUS_0x0242,User578,46,678-48-1578,Doctor,2023-03-01,2023-03-01 00:00:00
CUS_0x0243,User579,47,679-49-1579,Clerk,2023-03-01,2023-03-01 00:00:00
CUS_0x0244,User580,48,680-50-1580,Artist,2023-03-01,2023-03-01 00:00:00
CUS_0x0245,User581,49,681-51-1581,"",2023-03-01,2023-03-01 00:00:00
CUS_0x0246,User582,50,682-52-1582,Engineer,2023-03-01,2023-03-01 00:00:00
CUS_0x0247,User583,51,683-53-1583,Teacher,2023-03-01,2023-03-01 00:00:00
CUS_0x0248,User584,52,684-54-1584,Doctor,2023-03-01,2023-03-01 00:00:00
CUS_0x0249,User585,53,685-55-1585,Clerk,2023-03-01,2023-03-01 00:00:00
CUS_0x024a,User586,54,686-56-1586,Artist,2023-03-01,2023-03-01 00:00:00
CUS_0x024b,User587,55,687-57-1587,"",2023-03-01,2023-03-01 00:00:00
CUS_0x024c,User588,56,688-58-1588,Engineer,2023-03-01,2023-03-01 00:00:00
CUS_0x024d,User589,57,689-59-1589,Teacher,2023-03-01,2023-03-01 00:00:00
CUS_0x024e,User590,58,690-60-1590,Doctor,2023-03-01,2023-03-01 00:00:00
CUS_0x024f,User591,59,691-61-1591,Clerk,2023-03-01,2023-03-01 00:00:00
CUS_0x0250,User592,60,692-62-1592,Artist,2023-03-01,2023-03-01 00:00:00
CUS_0x0251,User593,61,693-63-1593,"",2023-03-01,2023-03-01 00:00:00
CUS_0x0252,User594,62,694-64-1594,Engineer,2023-03-01,2023-03-01 00:00:00
CUS_0x0253,User595,63,695-65-1595,Teacher,2023-03-01,2023-03-01 00:00:00
CUS_0x0254,User596,64,696-66-1596,Doctor,2023-03-01,2023-03-01 00:00:00
CUS_0x0255,User597,65,697-67-1597,Clerk,2023-03-01,2023-03-01 00:00:00
CUS_0x0256,User598,66,698-68-1598,Artist,2023-03-01,2023-03-01 00:00:00
CUS_0x0257,User599,67,699-69-1599,"",2023-03-01,2023-03-01 00:00:00
CUS_0x0258,User600,68,700-70-1600,Engineer,2023-03-01,2023-03-01 00:00:00
CUS_0x0259,User601,69,701-71-1601,Teacher,2023-03-01,2023-03-01 00:00:00
CUS_0x025a,User602,70,702-72-1602,Doctor,2023-03-01,2023-03-01 00:00:00
CUS_0x025b,User603,71,703-73-1603,Clerk,2023-03-01,2023-03-01 00:00:00
CUS_0x025c,User604,72,704-74-1604,Artist,2023-03-01,2023-03-01 00:00:00
CUS_0x025d,User605,18,705-75-1605,"",2023-03-01,2023-03-01 00:00:00
CUS_0x025e,User606,19,706-76-1606,Engineer,2023-03-01,2023-03-01 00:00:00
CUS_0x025f,User607,20,707-77-1607,Teacher,2023-03-01,2023-03-01 00:00:00
CUS_0x0260,User608,21,708-78-1608,Doctor,2023-03-01,2023-03-01 00:00:00
CUS_0x0261,User609,22,709-79-1609,Clerk,2023-03-01,2023-03-01 00:00:00
CUS_0x0262,User610,23,710-80-1610,Artist,2023-03-01,2023-03-01 00:00:00
CUS_0x0263,User611,24,711-81-1611,"",2023-03-01,2023-03-01 00:00:00
CUS_0x0264,User612,25,712-82-1612,Engineer,2023-03-01,2023-03-01 00:00:00
CUS_0x0265,User613,26,713-83-1613,Teacher,2023-03-01,2023-03-01 00:00:00
CUS_0x0266,User614,27,714-84-1614,Doctor,2023-03-01,2023-03-01 00:00:00
CUS_0x0267,User615,28,715-85-1615,Clerk,2023-03-01,2023-03-01 00:00:00
CUS_0x0268,User616,29,716-86-1616,Artist,2023-03-01,2023-03-01 00:00:00
CUS_0x0269,User617,30,717-87-1617,"",2023-03-01,2023-03-01 00:00:00
CUS_0x026a,User618,31,718-88-1618,Engineer,2023-03-01,2023-03-01 00:00:00
CUS_0x026b,User619,32,719-89-1619,Teacher,2023-03-01,2023-03-01 00:00:00
CUS_0x026c,User620,33,720-90-1620,Doctor,2023-03-01,2023-03-01 00:00:00
CUS_0x026d,User621,34,721-91-1621,Clerk,2023-03-01,2023-03-01 00:00:00
CUS_0x026e,User622,35,722-92-1622,Artist,2023-03-01,2023-03-01 00:00:00
CUS_0x026f,User623,36,723-93-1623,"",2023-03-01,2023-03-01 00:00:00
CUS_0x0270,User624,37,724-94-1624,Engineer,2023-03-01,2023-03-01 00:00:00
CUS_0x0271,User625,38,725-95-1625,Teacher,2023-03-01,2023-03-01 00:00:00
CUS_0x0272,User626,39,726-96-1626,Doctor,2023-03-01,2023-03-01 00:00:00
CUS_0x0273,User627,40,727-97-1627,Clerk,2023-03-01,2023-03-01 00:00:00
CUS_0x0274,User628,41,728-98-1628,Artist,2023-03-01,2023-03-01 00:00:00
CUS_0x0275,User629,42,729-99-1629,"",2023-03-01,2023-03-01 00:00:00
CUS_0x0276,User630,43,730-10-1630,Engineer,2023-03-01,2023-03-01 00:00:00
CUS_0x0277,User631,44,731-11-1631,Teacher,2023-03-01,2023-03-01 00:00:00
CUS_0x0278,User632,45,732-12-1632,Doctor,2023-03-01,2023-03-01 00:00:00
CUS_0x0279,User633,46,733-13-1633,Clerk,2023-03-01,2023-03-01 00:00:00
CUS_0x027a,User634,47,734-14-1634,Artist,2023-03-01,2023-03-01 00:00:00
CUS_0x027b,User635,48,735-15-1635,"",2023-03-01,2023-03-01 00:00:00
CUS_0x027c,User636,49,736-16-1636,Engineer,2023-03-01,2023-03-01 00:00:00
CUS_0x027d,User637,50,737-17-1637,Teacher,2023-03-01,2023-03-01 00:00:00
CUS_0x027e,User638,51,738-18-1638,Doctor,2023-03-01,2023-03-01 00:00:00
CUS_0x027f,User639,52,739-19-1639,Clerk,2023-03-01,2023-03-01 00:00:00
CUS_0x0280,User640,53,740-20-1640,Artist,2023-03-01,2023-03-01 00:00:00
CUS_0x0281,User641,54,741-21-1641,"",2023-03-01,2023-03-01 00:00:00
CUS_0x0282,User642,55,742-22-1642,Engineer,2023-03-01,2023-03-01 00:00:00
CUS_0x0283,User643,56,743-23-1643,Teacher,2023-03-01,2023-03-01 00:00:00
CUS_0x0284,User644,57,744-24-1644,Doctor,2023-03-01,2023-03-01 00:00:00
CUS_0x0285,User645,58,745-25-1645,Clerk,2023-03-01,2023-03-01 00:00:00
CUS_0x0286,User646,59,746-26-1646,Artist,2023-03-01,2023-03-01 00:00:00
CUS_0x0287,User647,60,747-27-1647,"",2023-03-01,2023-03-01 00:00:00
CUS_0x0288,User648,61,748-28-1648,Engineer,2023-03-01,2023-03-01 00:00:00
CUS_0x0289,User649,62,749-29-1649,Teacher,2023-03-01,2023-03-01 00:00:00
CUS_0x028a,User650,63,750-30-1650,Doctor,2023-03-01,2023-03-01 00:00:00
CUS_0x028b,User651,64,751-31-1651,Clerk,2023-03-01,2023-03-01 00:00:00
CUS_0x028c,User652,65,752-32-1652,Artist,2023-03-01,2023-03-01 00:00:00
CUS_0x028d,User653,66,753-33-1653,"",2023-03-01,2023-03-01 00:00:00
CUS_0x028e,User654,67,754-34-1654,Engineer,2023-03-01,2023-03-01 00:00:00
CUS_0x028f,User655,68,755-35-1655,Teacher,2023-03-01,2023-03-01 00:00:00
CUS_0x0290,User656,69,756-36-1656,Doctor,2023-03-01,2023-03-01 00:00:00
CUS_0x0291,User657,70,757-37-1657,Clerk,2023-03-01,2023-03-01 00:00:00
CUS_0x0292,User658,71,758-38-1658,Artist,2023-03-01,2023-03-01 00:00:00
CUS_0x0293,User659,72,759-39-1659,"",2023-03-01,2023-03-01 00:00:00
CUS_0x0294,User660,18,760-40-1660,Engineer,2023-03-01,2023-03-01 00:00:00
CUS_0x0295,User661,19,761-41-1661,Teacher,2023-03-01,2023-03-01 00:00:00
CUS_0x0296,User662,20,762-42-1662,Doctor,2023-03-01,2023-03-01 00:00:00
CUS_0x0297,User663,21,763-43-1663,Clerk,2023-03-01,2023-03-01 00:00:00
CUS_0x0298,User664,22,764-44-1664,Artist,2023-03-01,2023-03-01 00:00:00
CUS_0x0299,User665,23,765-45-1665,"",2023-03-01,2023-03-01 00:00:00
CUS_0x029a,User666,24,766-46-1666,Engineer,2023-03-01,2023-03-01 00:00:00
CUS_0x029b,User667,25,767-47-1667,Teacher,2023-03-01,2023-03-01 00:00:00
CUS_0x029c,User668,26,768-48-1668,Doctor,2023-03-01,2023-03-01 00:00:00
CUS_0x029d,User669,27,769-49-1669,Clerk,2023-03-01,2023-03-01 00:00:00
CUS_0x029e,User670,28,770-50-1670,Artist,2023-03-01,2023-03-01 00:00:00
CUS_0x029f,User671,29,771-51-1671,"",2023-03-01,2023-03-01 00:00:00
CUS_0x02a0,User672,30,772-52-1672,Engineer,2023-03-01,2023-03-01 00:00:00
CUS_0x02a1,User673,31,773-53-1673,Teacher,2023-03-01,2023-03-01 00:00:00
CUS_0x02a2,User674,32,774-54-1674,Doctor,2023-03-01,2023-03-01 00:00:00
CUS_0x02a3,User675,33,775-55-1675,Clerk,2023-03-01,2023-03-01 00:00:00
CUS_0x02a4,User676,34,776-56-1676,Artist,2023-03-01,2023-03-01 00:00:00
CUS_0x02a5,User677,35,777-57-1677,"",2023-03-01,2023-03-01 00:00:00
CUS_0x02a6,User678,36,778-58-1678,Engineer,2023-03-01,2023-03-01 00:00:00
CUS_0x02a7,User679,37,779-59-1679,Teacher,2023-03-01,2023-03-01 00:00:00
CUS_0x02a8,User680,38,780-60-1680,Doctor,2023-03-01,2023-03-01 00:00:00
CUS_0x02a9,User681,39,781-61-1681,Clerk,2023-03-01,2023-03-01 00:00:00
CUS_0x02aa,User682,40,782-62-1682,Artist,2023-03-01,2023-03-01 00:00:00
CUS_0x02ab,User683,41,783-63-1683,"",2023-03-01,2023-03-01 00:00:00
CUS_0x02ac,User684,42,784-64-1684,Engineer,2023-03-01,2023-03-01 00:00:00
CUS_0x02ad,User685,43,785-65-1685,Teacher,2023-03-01,2023-03-01 00:00:00
CUS_0x02ae,User686,44,786-66-1686,Doctor,2023-03-01,2023-03-01 00:00:00
CUS_0x02af,User687,45,787-67-1687,Clerk,2023-03-01,2023-03-01 00:00:00
CUS_0x02b0,User688,46,788-68-1688,Artist,2023-03-01,2023-03-01 00:00:00
CUS_0x02b1,User689,47,789-69-1689,"",2023-03-01,2023-03-01 00:00:00
CUS_0x02b2,User690,48,790-70-1690,Engineer,2023-03-01,2023-03-01 00:00:00
CUS_0x02b3,User691,49,791-71-1691,Teacher,2023-03-01,2023-03-01 00:00:00
CUS_0x02b4,User692,50,792-72-1692,Doctor,2023-03-01,2023-03-01 00:00:00
CUS_0x02b5,User693,51,793-73-1693,Clerk,2023-03-01,2023-03-01 00:00:00
CUS_0x02b6,User694,52,794-74-1694,Artist,2023-03-01,2023-03-01 00:00:00
CUS_0x02b7,User695,53,795-75-1695,"",2023-03-01,2023-03-01 00:00:00
CUS_0x02b8,User696,54,796-76-1696,Engineer,2023-03-01,2023-03-01 00:00:00
CUS_0x02b9,User697,55,797-77-1697,Teacher,2023-03-01,2023-03-01 00:00:00
CUS_0x02ba,User698,56,798-78-1698,Doctor,2023-03-01,2023-03-01 00:00:00
CUS_0x02bb,User699,57,799-79-1699,Clerk,2023-03-01,2023-03-01 00:00:00
CUS_0x02bc,User700,58,800-80-1700,Artist,2023-03-01,2023-03-01 00:00:00
CUS_0x02bd,User701,59,801-81-1701,"",2023-03-01,2023-03-01 00:00:00
CUS_0x02be,User702,60,802-82-1702,Engineer,2023-03-01,2023-03-01 00:00:00
CUS_0x02bf,User703,61,803-83-1703,Teacher,2023-03-01,2023-03-01 00:00:00
CUS_0x02c0,User704,62,804-84-1704,Doctor,2023-03-01,2023-03-01 00:00:00
CUS_0x02c1,User705,63,805-85-1705,Clerk,2023-03-01,2023-03-01 00:00:00
CUS_0x02c2,User706,64,806-86-1706,Artist,2023-03-01,2023-03-01 00:00:00
CUS_0x02c3,User707,65,807-87-1707,"",2023-03-01,2023-03-01 00:00:00
CUS_0x02c4,User708,66,808-88-1708,Engineer,2023-03-01,2023-03-01 00:00:00
CUS_0x02c5,User709,67,809-89-1709,Teacher,2023-03-01,2023-03-01 00:00:00
CUS_0x02c6,User710,68,810-90-1710,Doctor,2023-03-01,2023-03-01 00:00:00
CUS_0x02c7,User711,69,811-91-1711,Clerk,2023-03-01,2023-03-01 00:00:00
CUS_0x02c8,User712,70,812-92-1712,Artist,2023-03-01,2023-03-01 00:00:00
CUS_0x02c9,User713,71,813-93-1713,"",2023-03-01,2023-03-01 00:00:00
CUS_0x02ca,User714,72,814-94-1714,Engineer,2023-03-01,2023-03-01 00:00:00
CUS_0x02cb,User715,18,815-95-1715,Teacher,2023-03-01,2023-03-01 00:00:00
CUS_0x02cc,User716,19,816-96-1716,Doctor,2023-03-01,2023-03-01 00:00:00
CUS_0x02cd,User717,20,817-97-1717,Clerk,2023-03-01,2023-03-01 00:00:00
CUS_0x02ce,User718,21,818-98-1718,Artist,2023-03-01,2023-03-01 00:00:00
CUS_0x02cf,User719,22,819-99-1719,"",2023-03-01,2023-03-01 00:00:00
CUS_0x02d0,User720,23,820-10-1720,Engineer,2023-03-01,2023-03-01 00:00:00
CUS_0x02d1,User721,24,821-11-1721,Teacher,2023-03-01,2023-03-01 00:00:00
CUS_0x02d2,User722,25,822-12-1722,Doctor,2023-03-01,2023-03-01 00:00:00
CUS_0x02d3,User723,26,823-13-1723,Clerk,2023-03-01,2023-03-01 00:00:00
CUS_0x02d4,User724,27,824-14-1724,Artist,2023-03-01,2023-03-01 00:00:00
CUS_0x02d5,User725,28,825-15-1725,"",2023-03-01,2023-03-01 00:00:00
CUS_0x02d6,User726,29,826-16-1726,Engineer,2023-03-01,2023-03-01 00:00:00
CUS_0x02d7,User727,30,827-17-1727,Teacher,2023-03-01,2023-03-01 00:00:00
CUS_0x02d8,User728,31,828-18-1728,Doctor,2023-03-01,2023-03-01 00:00:00
CUS_0x02d9,User729,32,829-19-1729,Clerk,2023-03-01,2023-03-01 00:00:00
CUS_0x02da,User730,33,830-20-1730,Artist,2023-03-01,2023-03-01 00:00:00
CUS_0x02db,User731,34,831-21-1731,"",2023-03-01,2023-03-01 00:00:00
CUS_0x02dc,User732,35,832-22-1732,Engineer,2023-03-01,2023-03-01 00:00:00
CUS_0x02dd,User733,36,833-23-1733,Teacher,2023-03-01,2023-03-01 00:00:00
CUS_0x02de,User734,37,834-24-1734,Doctor,2023-03-01,2023-03-01 00:00:00
CUS_0x02df,User735,38,835-25-1735,Clerk,2023-03-01,2023-03-01 00:00:00
CUS_0x02e0,User736,39,836-26-1736,Artist,2023-03-01,2023-03-01 00:00:00
CUS_0x02e1,User737,40,837-27-1737,"",2023-03-01,2023-03-01 00:00:00
CUS_0x02e2,User738,41,838-28-1738,Engineer,2023-03-01,2023-03-01 00:00:00
CUS_0x02e3,User739,42,839-29-1739,Teacher,2023-03-01,2023-03-01 00:00:00
CUS_0x02e4,User740,43,840-30-1740,Doctor,2023-03-01,2023-03-01 00:00:00
CUS_0x02e5,User741,44,841-31-1741,Clerk,2023-03-01,2023-03-01 00:00:00
CUS_0x02e6,User742,45,842-32-1742,Artist,2023-03-01,2023-03-01 00:00:00
CUS_0x02e7,User743,46,843-33-1743,"",2023-03-01,2023-03-01 00:00:00
CUS_0x02e8,User744,47,844-34-1744,Engineer,2023-03-01,2023-03-01 00:00:00
CUS_0x02e9,User745,48,845-35-1745,Teacher,2023-03-01,2023-03-01 00:00:00
CUS_0x02ea,User746,49,846-36-1746,Doctor,2023-03-01,2023-03-01 00:00:00
CUS_0x02eb,User747,50,847-37-1747,Clerk,2023-03-01,2023-03-01 00:00:00
CUS_0x02ec,User748,51,848-38-1748,Artist,2023-03-01,2023-03-01 00:00:00
CUS_0x02ed,User749,52,849-39-1749,"",2023-03-01,2023-03-01 00:00:00
CUS_0x02ee,User750,53,850-40-1750,Engineer,2023-03-01,2023-03-01 00:00:00
CUS_0x02ef,User751,54,851-41-1751,Teacher,2023-03-01,2023-03-01 00:00:00
CUS_0x02f0,User752,55,852-42-1752,Doctor,2023-03-01,2023-03-01 00:00:00
CUS_0x02f1,User753,56,853-43-1753,Clerk,2023-03-01,2023-03-01 00:00:00
CUS_0x02f2,User754,57,854-44-1754,Artist,2023-03-01,2023-03-01 00:00:00
CUS_0x02f3,User755,58,855-45-1755,"",2023-03-01,2023-03-01 00:00:00
CUS_0x02f4,User756,59,856-46-1756,Engineer,2023-03-01,2023-03-01 00:00:00
CUS_0x02f5,User757,60,857-47-1757,Teacher,2023-03-01,2023-03-01 00:00:00
CUS_0x02f6,User758,61,858-48-1758,Doctor,2023-03-01,2023-03-01 00:00:00
CUS_0x02f7,User759,62,859-49-1759,Clerk,2023-03-01,2023-03-01 00:00:00
CUS_0x02f8,User760,63,860-50-1760,Artist,2023-03-01,2023-03-01 00:00:00
CUS_0x02f9,User761,64,861-51-1761,"",2023-03-01,2023-03-01 00:00:00
CUS_0x02fa,User762,65,862-52-1762,Engineer,2023-03-01,2023-03-01 00:00:00
CUS_0x02fb,User763,66,863-53-1763,Teacher,2023-03-01,2023-03-01 00:00:00
CUS_0x02fc,User764,67,864-54-1764,Doctor,2023-03-01,2023-03-01 00:00:00
CUS_0x02fd,User765,68,865-55-1765,Clerk,2023-03-01,2023-03-01 00:00:00
CUS_0x02fe,User766,69,866-56-1766,Artist,2023-03-01,2023-03-01 00:00:00
CUS_0x02ff,User767,70,867-57-1767,"",2023-03-01,2023-03-01 00:00:00
CUS_0x0300,User768,71,868-58-1768,Engineer,2023-03-01,2023-03-01 00:00:00
CUS_0x0301,User769,72,869-59-1769,Teacher,2023-03-01,2023-03-01 00:00:00
CUS_0x0302,User770,18,870-60-1770,Doctor,2023-03-01,2023-03-01 00:00:00
CUS_0x0303,User771,19,871-61-1771,Clerk,2023-03-01,2023-03-01 00:00:00
CUS_0x0304,User772,20,872-62-1772,Artist,2023-03-01,2023-03-01 00:00:00
CUS_0x0305,User773,21,873-63-1773,"",2023-03-01,2023-03-01 00:00:00
CUS_0x0306,User774,22,874-64-1774,Engineer,2023-03-01,2023-03-01 00:00:00
CUS_0x0307,User775,23,875-65-1775,Teacher,2023-03-01,2023-03-01 00:00:00
CUS_0x0308,User776,24,876-66-1776,Doctor,2023-03-01,2023-03-01 00:00:00
CUS_0x0309,User777,25,877-67-1777,Clerk,2023-03-01,2023-03-01 00:00:00
CUS_0x030a,User778,26,878-68-1778,Artist,2023-03-01,2023-03-01 00:00:00
CUS_0x030b,User779,27,879-69-1779,"",2023-03-01,2023-03-01 00:00:00
CUS_0x030c,User780,28,880-70-1780,Engineer,2023-03-01,2023-03-01 00:00:00
CUS_0x030d,User781,29,881-71-1781,Teacher,2023-03-01,2023-03-01 00:00:00
CUS_0x030e,User782,30,882-72-1782,Doctor,2023-03-01,2023-03-01 00:00:00
CUS_0x030f,User783,31,883-73-1783,Clerk,2023-03-01,2023-03-01 00:00:00
CUS_0x0310,User784,32,884-74-1784,Artist,2023-03-01,2023-03-01 00:00:00
CUS_0x0311,User785,33,885-75-1785,"",2023-03-01,2023-03-01 00:00:00
CUS_0x0312,User786,34,886-76-1786,Engineer,2023-03-01,2023-03-01 00:00:00
CUS_0x0313,User787,35,887-77-1787,Teacher,2023-03-01,2023-03-01 00:00:00
CUS_0x0314,User788,36,888-78-1788,Doctor,2023-03-01,2023-03-01 00:00:00
CUS_0x0315,User789,37,889-79-1789,Clerk,2023-03-01,2023-03-01 00:00:00
CUS_0x0316,User790,38,890-80-1790,Artist,2023-03-01,2023-03-01 00:00:00
CUS_0x0317,User791,39,891-81-1791,"",2023-03-01,2023-03-01 00:00:00
CUS_0x0318,User792,40,892-82-1792,Engineer,2023-03-01,2023-03-01 00:00:00
CUS_0x0319,User793,41,893-83-1793,Teacher,2023-03-01,2023-03-01 00:00:00
CUS_0x031a,User794,42,894-84-1794,Doctor,2023-03-01,2023-03-01 00:00:00
CUS_0x031b,User795,43,895-85-1795,Clerk,2023-03-01,2023-03-01 00:00:00
CUS_0x031c,User796,44,896-86-1796,Artist,2023-03-01,2023-03-01 00:00:00
CUS_0x031d,User797,45,897-87-1797,"",2023-03-01,2023-03-01 00:00:00
CUS_0x031e,User798,46,898-88-1798,Engineer,2023-03-01,2023-03-01 00:00:00
CUS_0x031f,User799,47,899-89-1799,Teacher,2023-03-01,2023-03-01 00:00:00
CUS_0x0320,User800,48,900-90-1800,Doctor,2023-03-01,2023-03-01 00:00:00
CUS_0x0321,User801,49,901-91-1801,Clerk,2023-03-01,2023-03-01 00:00:00
CUS_0x0322,User802,50,902-92-1802,Artist,2023-03-01,2023-03-01 00:00:00
CUS_0x0323,User803,51,903-93-1803,"",2023-03-01,2023-03-01 00:00:00
CUS_0x0324,User804,52,904-94-1804,Engineer,2023-03-01,2023-03-01 00:00:00
CUS_0x0325,User805,53,905-95-1805,Teacher,2023-03-01,2023-03-01 00:00:00
CUS_0x0326,User806,54,906-96-1806,Doctor,2023-03-01,2023-03-01 00:00:00
CUS_0x0327,User807,55,907-97-1807,Clerk,2023-03-01,2023-03-01 00:00:00
CUS_0x0328,User808,56,908-98-1808,Artist,2023-03-01,2023-03-01 00:00:00
CUS_0x0329,User809,57,909-99-1809,"",2023-03-01,2023-03-01 00:00:00
CUS_0x032a,User810,58,910-10-1810,Engineer,2023-03-01,2023-03-01 00:00:00
CUS_0x032b,User811,59,911-11-1811,Teacher,2023-03-01,2023-03-01 00:00:00
CUS_0x032c,User812,60,912-12-1812,Doctor,2023-03-01,2023-03-01 00:00:00
CUS_0x032d,User813,61,913-13-1813,Clerk,2023-03-01,2023-03-01 00:00:00
CUS_0x032e,User814,62,914-14-1814,Artist,2023-03-01,2023-03-01 00:00:00
CUS_0x032f,User815,63,915-15-1815,"",2023-03-01,2023-03-01 00:00:00
CUS_0x0330,User816,64,916-16-1816,Engineer,2023-03-01,2023-03-01 00:00:00
CUS_0x0331,User817,65,917-17-1817,Teacher,2023-03-01,2023-03-01 00:00:00
CUS_0x0332,User818,66,918-18-1818,Doctor,2023-03-01,2023-03-01 00:00:00
CUS_0x0333,User819,67,919-19-1819,Clerk,2023-03-01,2023-03-01 00:00:00
CUS_0x0334,User820,68,920-20-1820,Artist,2023-03-01,2023-03-01 00:00:00
CUS_0x0335,User821,69,921-21-1821,"",2023-03-01,2023-03-01 00:00:00
CUS_0x0336,User822,70,922-22-1822,Engineer,2023-03-01,2023-03-01 00:00:00
CUS_0x0337,User823,71,923-23-1823,Teacher,2023-03-01,2023-03-01 00:00:00
CUS_0x0338,User824,72,924-24-1824,Doctor,2023-03-01,2023-03-01 00:00:00
CUS_0x0339,User825,18,925-25-1825,Clerk,2023-03-01,2023-03-01 00:00:00
CUS_0x033a,User826,19,926-26-1826,Artist,2023-03-01,2023-03-01 00:00:00
CUS_0x033b,User827,20,927-27-1827,"",2023-03-01,2023-03-01 00:00:00
CUS_0x033c,User828,21,928-28-1828,Engineer,2023-03-01,2023-03-01 00:00:00
CUS_0x033d,User829,22,929-29-1829,Teacher,2023-03-01,2023-03-01 00:00:00
CUS_0x033e,User830,23,930-30-1830,Doctor,2023-03-01,2023-03-01 00:00:00
CUS_0x033f,User831,24,931-31-1831,Clerk,2023-03-01,2023-03-01 00:00:00
CUS_0x0340,User832,25,932-32-1832,Artist,2023-03-01,2023-03-01 00:00:00
CUS_0x0341,User833,26,933-33-1833,"",2023-03-01,2023-03-01 00:00:00
CUS_0x0342,User834,27,934-34-1834,Engineer,2023-03-01,2023-03-01 00:00:00
CUS_0x0343,User835,28,935-35-1835,Teacher,2023-03-01,2023-03-01 00:00:00
CUS_0x0344,User836,29,936-36-1836,Doctor,2023-03-01,2023-03-01 00:00:00
CUS_0x0345,User837,30,937-37-1837,Clerk,2023-03-01,2023-03-01 00:00:00
CUS_0x0346,User838,31,938-38-1838,Artist,2023-03-01,2023-03-01 00:00:00
CUS_0x0347,User839,32,939-39-1839,"",2023-03-01,2023-03-01 00:00:00
CUS_0x0348,User840,33,940-40-1840,Engineer,2023-03-01,2023-03-01 00:00:00
CUS_0x0349,User841,34,941-41-1841,Teacher,2023-03-01,2023-03-01 00:00:00
CUS_0x034a,User842,35,942-42-1842,Doctor,2023-03-01,2023-03-01 00:00:00
CUS_0x034b,User843,36,943-43-1843,Clerk,2023-03-01,2023-03-01 00:00:00
CUS_0x034c,User844,37,944-44-1844,Artist,2023-03-01,2023-03-01 00:00:00
CUS_0x034d,User845,38,945-45-1845,"",2023-03-01,2023-03-01 00:00:00
CUS_0x034e,User846,39,946-46-1846,Engineer,2023-03-01,2023-03-01 00:00:00
CUS_0x034f,User847,40,947-47-1847,Teacher,2023-03-01,2023-03-01 00:00:00
CUS_0x0350,User848,41,948-48-1848,Doctor,2023-03-01,2023-03-01 00:00:00
CUS_0x0351,User849,42,949-49-1849,Clerk,2023-03-01,2023-03-01 00:00:00
CUS_0x0352,User850,43,950-50-1850,Artist,2023-03-01,2023-03-01 00:00:00
CUS_0x0353,User851,44,951-51-1851,"",2023-03-01,2023-03-01 00:00:00
CUS_0x0354,User852,45,952-52-1852,Engineer,2023-03-01,2023-03-01 00:00:00
CUS_0x0355,User853,46,953-53-1853,Teacher,2023-03-01,2023-03-01 00:00:00
CUS_0x0356,User854,47,954-54-1854,Doctor,2023-03-01,2023-03-01 00:00:00
CUS_0x0357,User855,48,955-55-1855,Clerk,2023-03-01,2023-03-01 00:00:00
CUS_0x0358,User856,49,956-56-1856,Artist,2023-03-01,2023-03-01 00:00:00
CUS_0x0359,User857,50,957-57-1857,"",2023-03-01,2023-03-01 00:00:00
CUS_0x035a,User858,51,958-58-1858,Engineer,2023-03-01,2023-03-01 00:00:00
CUS_0x035b,User859,52,959-59-1859,Teacher,2023-03-01,2023-03-01 00:00:00
CUS_0x035c,User860,53,960-60-1860,Doctor,2023-03-01,2023-03-01 00:00:00
CUS_0x035d,User861,54,961-61-1861,Clerk,2023-03-01,2023-03-01 00:00:00
CUS_0x035e,User862,55,962-62-1862,Artist,2023-03-01,2023-03-01 00:00:00
CUS_0x035f,User863,56,963-63-1863,"",2023-03-01,2023-03-01 00:00:00
CUS_0x0360,User864,57,964-64-1864,Engineer,2023-03-01,2023-03-01 00:00:00
CUS_0x0361,User865,58,965-65-1865,Teacher,2023-03-01,2023-03-01 00:00:00
CUS_0x0362,User866,59,966-66-1866,Doctor,2023-03-01,2023-03-01 00:00:00
CUS_0x0363,User867,60,967-67-1867,Clerk,2023-03-01,2023-03-01 00:00:00
CUS_0x0364,User868,61,968-68-1868,Artist,2023-03-01,2023-03-01 00:00:00
CUS_0x0365,User869,62,969-69-1869,"",2023-03-01,2023-03-01 00:00:00
CUS_0x0366,User870,63,970-70-1870,Engineer,2023-03-01,2023-03-01 00:00:00
CUS_0x0367,User871,64,971-71-1871,Teacher,2023-03-01,2023-03-01 00:00:00
CUS_0x0368,User872,65,972-72-1872,Doctor,2023-03-01,2023-03-01 00:00:00
CUS_0x0369,User873,66,973-73-1873,Clerk,2023-03-01,2023-03-01 00:00:00
CUS_0x036a,User874,67,974-74-1874,Artist,2023-03-01,2023-03-01 00:00:00
CUS_0x036b,User875,68,975-75-1875,"",2023-03-01,2023-03-01 00:00:00
CUS_0x036c,User876,69,976-76-1876,Engineer,2023-03-01,2023-03-01 00:00:00
CUS_0x036d,User877,70,977-77-1877,Teacher,2023-03-01,2023-03-01 00:00:00
CUS_0x036e,User878,71,978-78-1878,Doctor,2023-03-01,2023-03-01 00:00:00
CUS_0x036f,User879,72,979-79-1879,Clerk,2023-03-01,2023-03-01 00:00:00
CUS_0x0370,User880,18,980-80-1880,Artist,2023-03-01,2023-03-01 00:00:00
CUS_0x0371,User881,19,981-81-1881,"",2023-03-01,2023-03-01 00:00:00
CUS_0x0372,User882,20,982-82-1882,Engineer,2023-03-01,2023-03-01 00:00:00
CUS_0x0373,User883,21,983-83-1883,Teacher,2023-03-01,2023-03-01 00:00:00
CUS_0x0374,User884,22,984-84-1884,Doctor,2023-03-01,2023-03-01 00:00:00
CUS_0x0375,User885,23,985-85-1885,Clerk,2023-03-01,2023-03-01 00:00:00
CUS_0x0376,User886,24,986-86-1886,Artist,2023-03-01,2023-03-01 00:00:00
CUS_0x0377,User887,25,987-87-1887,"",2023-03-01,2023-03-01 00:00:00
CUS_0x0378,User888,26,988-88-1888,Engineer,2023-03-01,2023-03-01 00:00:00
CUS_0x0379,User889,27,989-89-1889,Teacher,2023-03-01,2023-03-01 00:00:00
CUS_0x037a,User890,28,990-90-1890,Doctor,2023-03-01,2023-03-01 00:00:00
CUS_0x037b,User891,29,991-91-1891,Clerk,2023-03-01,2023-03-01 00:00:00
CUS_0x037c,User892,30,992-92-1892,Artist,2023-03-01,2023-03-01 00:00:00
CUS_0x037d,User893,31,993-93-1893,"",2023-03-01,2023-03-01 00:00:00
CUS_0x037e,User894,32,994-94-1894,Engineer,2023-03-01,2023-03-01 00:00:00
CUS_0x037f,User895,33,995-95-1895,Teacher,2023-03-01,2023-03-01 00:00:00
CUS_0x0380,User896,34,996-96-1896,Doctor,2023-03-01,2023-03-01 00:00:00
CUS_0x0381,User897,35,997-97-1897,Clerk,2023-03-01,2023-03-01 00:00:00
CUS_0x0382,User898,36,998-98-1898,Artist,2023-03-01,2023-03-01 00:00:00
CUS_0x0383,User899,37,999-99-1899,"",2023-03-01,2023-03-01 00:00:00
CUS_0x0384,User900,38,100-10-1900,Engineer,2023-03-01,2023-03-01 00:00:00
CUS_0x0385,User901,39,101-11-1901,Teacher,2023-03-01,2023-03-01 00:00:00
CUS_0x0386,User902,40,102-12-1902,Doctor,2023-03-01,2023-03-01 00:00:00
CUS_0x0387,User903,41,103-13-1903,Clerk,2023-03-01,2023-03-01 00:00:00
CUS_0x0388,User904,42,104-14-1904,Artist,2023-03-01,2023-03-01 00:00:00
CUS_0x0389,User905,43,105-15-1905,"",2023-03-01,2023-03-01 00:00:00
CUS_0x038a,User906,44,106-16-1906,Engineer,2023-03-01,2023-03-01 00:00:00
CUS_0x038b,User907,45,107-17-1907,Teacher,2023-03-01,2023-03-01 00:00:00
CUS_0x038c,User908,46,108-18-1908,Doctor,2023-03-01,2023-03-01 00:00:00
CUS_0x038d,User909,47,109-19-1909,Clerk,2023-03-01,2023-03-01 00:00:00
CUS_0x038e,User910,48,110-20-1910,Artist,2023-03-01,2023-03-01 00:00:00
CUS_0x038f,User911,49,111-21-1911,"",2023-03-01,2023-03-01 00:00:00
CUS_0x0390,User912,50,112-22-1912,Engineer,2023-03-01,2023-03-01 00:00:00
CUS_0x0391,User913,51,113-23-1913,Teacher,2023-03-01,2023-03-01 00:00:00
CUS_0x0392,User914,52,114-24-1914,Doctor,2023-03-01,2023-03-01 00:00:00
CUS_0x0393,User915,53,115-25-1915,Clerk,2023-03-01,2023-03-01 00:00:00
CUS_0x0394,User916,54,116-26-1916,Artist,2023-03-01,2023-03-01 00:00:00
CUS_0x0395,User917,55,117-27-1917,"",2023-03-01,2023-03-01 00:00:00
CUS_0x0396,User918,56,118-28-1918,Engineer,2023-03-01,2023-03-01 00:00:00
CUS_0x0397,User919,57,119-29-1919,Teacher,2023-03-01,2023-03-01 00:00:00
CUS_0x0398,User920,58,120-30-1920,Doctor,2023-03-01,2023-03-01 00:00:00
CUS_0x0399,User921,59,121-31-1921,Clerk,2023-03-01,2023-03-01 00:00:00
CUS_0x039a,User922,60,122-32-1922,Artist,2023-03-01,2023-03-01 00:00:00
CUS_0x039b,User923,61,123-33-1923,"",2023-03-01,2023-03-01 00:00:00
CUS_0x039c,User924,62,124-34-1924,Engineer,2023-03-01,2023-03-01 00:00:00
CUS_0x039d,User925,63,125-35-1925,Teacher,2023-03-01,2023-03-01 00:00:00
CUS_0x039e,User926,64,126-36-1926,Doctor,2023-03-01,2023-03-01 00:00:00
CUS_0x039f,User927,65,127-37-1927,Clerk,2023-03-01,2023-03-01 00:00:00
CUS_0x03a0,User928,66,128-38-1928,Artist,2023-03-01,2023-03-01 00:00:00
CUS_0x03a1,User929,67,129-39-1929,"",2023-03-01,2023-03-01 00:00:00
CUS_0x03a2,User930,68,130-40-1930,Engineer,2023-03-01,2023-03-01 00:00:00
CUS_0x03a3,User931,69,131-41-1931,Teacher,2023-03-01,2023-03-01 00:00:00
CUS_0x03a4,User932,70,132-42-1932,Doctor,2023-03-01,2023-03-01 00:00:00
CUS_0x03a5,User933,71,133-43-1933,Clerk,2023-03-01,2023-03-01 00:00:00
CUS_0x03a6,User934,72,134-44-1934,Artist,2023-03-01,2023-03-01 00:00:00
CUS_0x03a7,User935,18,135-45-1935,"",2023-03-01,2023-03-01 00:00:00
CUS_0x03a8,User936,19,136-46-1936,Engineer,2023-03-01,2023-03-01 00:00:00
CUS_0x03a9,User937,20,137-47-1937,Teacher,2023-03-01,2023-03-01 00:00:00
CUS_0x03aa,User938,21,138-48-1938,Doctor,2023-03-01,2023-03-01 00:00:00
CUS_0x03ab,User939,22,139-49-1939,Clerk,2023-03-01,2023-03-01 00:00:00
CUS_0x03ac,User940,23,140-50-1940,Artist,2023-03-01,2023-03-01 00:00:00
CUS_0x03ad,User941,24,141-51-1941,"",2023-03-01,2023-03-01 00:00:00
CUS_0x03ae,User942,25,142-52-1942,Engineer,2023-03-01,2023-03-01 00:00:00
CUS_0x03af,User943,26,143-53-1943,Teacher,2023-03-01,2023-03-01 00:00:00
CUS_0x03b0,User944,27,144-54-1944,Doctor,2023-03-01,2023-03-01 00:00:00
CUS_0x03b1,User945,28,145-55-1945,Clerk,2023-03-01,2023-03-01 00:00:00
CUS_0x03b2,User946,29,146-56-1946,Artist,2023-03-01,2023-03-01 00:00:00
CUS_0x03b3,User947,30,147-57-1947,"",2023-03-01,2023-03-01 00:00:00
CUS_0x03b4,User948,31,148-58-1948,Engineer,2023-03-01,2023-03-01 00:00:00
CUS_0x03b5,User949,32,149-59-1949,Teacher,2023-03-01,2023-03-01 00:00:00
CUS_0x03b6,User950,33,150-60-1950,Doctor,2023-03-01,2023-03-01 00:00:00
CUS_0x03b7,User951,34,151-61-1951,Clerk,2023-03-01,2023-03-01 00:00:00
CUS_0x03b8,User952,35,152-62-1952,Artist,2023-03-01,2023-03-01 00:00:00
CUS_0x03b9,User953,36,153-63-1953,"",2023-03-01,2023-03-01 00:00:00
CUS_0x03ba,User954,37,154-64-1954,Engineer,2023-03-01,2023-03-01 00:00:00
CUS_0x03bb,User955,38,155-65-1955,Teacher,2023-03-01,2023-03-01 00:00:00
CUS_0x03bc,User956,39,156-66-1956,Doctor,2023-03-01,2023-03-01 00:00:00
CUS_0x03bd,User957,40,157-67-1957,Clerk,2023-03-01,2023-03-01 00:00:00
CUS_0x03be,User958,41,158-68-1958,Artist,2023-03-01,2023-03-01 00:00:00
CUS_0x03bf,User959,42,159-69-1959,"",2023-03-01,2023-03-01 00:00:00
CUS_0x03c0,User960,43,160-70-1960,Engineer,2023-03-01,2023-03-01 00:00:00
CUS_0x03c1,User961,44,161-71-1961,Teacher,2023-03-01,2023-03-01 00:00:00
CUS_0x03c2,User962,45,162-72-1962,Doctor,2023-03-01,2023-03-01 00:00:00
CUS_0x03c3,User963,46,163-73-1963,Clerk,2023-03-01,2023-03-01 00:00:00
CUS_0x03c4,User964,47,164-74-1964,Artist,2023-03-01,2023-03-01 00:00:00
CUS_0x03c5,User965,48,165-75-1965,"",2023-03-01,2023-03-01 00:00:00
CUS_0x03c6,User966,49,166-76-1966,Engineer,2023-03-01,2023-03-01 00:00:00
CUS_0x03c7,User967,50,167-77-1967,Teacher,2023-03-01,2023-03-01 00:00:00
CUS_0x03c8,User968,51,168-78-1968,Doctor,2023-03-01,2023-03-01 00:00:00
CUS_0x03c9,User969,52,169-79-1969,Clerk,2023-03-01,2023-03-01 00:00:00
CUS_0x03ca,User970,53,170-80-1970,Artist,2023-03-01,2023-03-01 00:00:00
CUS_0x03cb,User971,54,171-81-1971,"",2023-03-01,2023-03-01 00:00:00
CUS_0x03cc,User972,55,172-82-1972,Engineer,2023-03-01,2023-03-01 00:00:00
CUS_0x03cd,User973,56,173-83-1973,Teacher,2023-03-01,2023-03-01 00:00:00
CUS_0x03ce,User974,57,174-84-1974,Doctor,2023-03-01,2023-03-01 00:00:00
CUS_0x03cf,User975,58,175-85-1975,Clerk,2023-03-01,2023-03-01 00:00:00
CUS_0x03d0,User976,59,176-86-1976,Artist,2023-03-01,2023-03-01 00:00:00
CUS_0x03d1,User977,60,177-87-1977,"",2023-03-01,2023-03-01 00:00:00
CUS_0x03d2,User978,61,178-88-1978,Engineer,2023-03-01,2023-03-01 00:00:00
CUS_0x03d3,User979,62,179-89-1979,Teacher,2023-03-01,2023-03-01 00:00:00
CUS_0x03d4,User980,63,180-90-1980,Doctor,2023-03-01,2023-03-01 00:00:00
CUS_0x03d5,User981,64,181-91-1981,Clerk,2023-03-01,2023-03-01 00:00:00
CUS_0x03d6,User982,65,182-92-1982,Artist,2023-03-01,2023-03-01 00:00:00
CUS_0x03d7,User983,66,183-93-1983,"",2023-03-01,2023-03-01 00:00:00
CUS_0x03d8,User984,67,184-94-1984,Engineer,2023-03-01,2023-03-01 00:00:00
CUS_0x03d9,User985,68,185-95-1985,Teacher,2023-03-01,2023-03-01 00:00:00
CUS_0x03da,User986,69,186-96-1986,Doctor,2023-03-01,2023-03-01 00:00:00
CUS_0x03db,User987,70,187-97-1987,Clerk,2023-03-01,2023-03-01 00:00:00
CUS_0x03dc,User988,71,188-98-1988,Artist,2023-03-01,2023-03-01 00:00:00
CUS_0x03dd,User989,72,189-99-1989,"",2023-03-01,2023-03-01 00:00:00
CUS_0x03de,User990,18,190-10-1990,Engineer,2023-03-01,2023-03-01 00:00:00
CUS_0x03df,User991,19,191-11-1991,Teacher,2023-03-01,2023-03-01 00:00:00
CUS_0x03e0,User992,20,192-12-1992,Doctor,2023-03-01,2023-03-01 00:00:00
CUS_0x03e1,User993,21,193-13-1993,Clerk,2023-03-01,2023-03-01 00:00:00
CUS_0x03e2,User994,22,194-14-1994,Artist,2023-03-01,2023-03-01 00:00:00
CUS_0x03e3,User995,23,195-15-1995,"",2023-03-01,2023-03-01 00:00:00
CUS_0x03e4,User996,24,196-16-1996,Engineer,2023-03-01,2023-03-01 00:00:00
CUS_0x03e5,User997,25,197-17-1997,Teacher,2023-03-01,2023-03-01 00:00:00
CUS_0x03e6,User998,26,198-18-1998,Doctor,2023-03-01,2023-03-01 00:00:00
CUS_0x03e7,User999,27,199-19-1999,Clerk,2023-03-01,2023-03-01 00:00:00
CUS_0x03e8,User1000,28,200-20-2000,Artist,2023-03-01,2023-03-01 00:00:00
CUS_0x03e9,User1001,29,201-21-2001,"",2023-03-01,2023-03-01 00:00:00
CUS_0x03ea,User1002,30,202-22-2002,Engineer,2023-03-01,2023-03-01 00:00:00
CUS_0x03eb,User1003,31,203-23-2003,Teacher,2023-03-01,2023-03-01 00:00:00
CUS_0x03ec,User1004,32,204-24-2004,Doctor,2023-03-01,2023-03-01 00:00:00
CUS_0x03ed,User1005,33,205-25-2005,Clerk,2023-03-01,2023-03-01 00:00:00
CUS_0x03ee,User1006,34,206-26-2006,Artist,2023-03-01,2023-03-01 00:00:00
CUS_0x03ef,User1007,35,207-27-2007,"",2023-03-01,2023-03-01 00:00:00
CUS_0x03f0,User1008,36,208-28-2008,Engineer,2023-03-01,2023-03-01 00:00:00
CUS_0x03f1,User1009,37,209-29-2009,Teacher,2023-03-01,2023-03-01 00:00:00
CUS_0x03f2,User1010,38,210-30-2010,Doctor,2023-03-01,2023-03-01 00:00:00
CUS_0x03f3,User1011,39,211-31-2011,Clerk,2023-03-01,2023-03-01 00:00:00
CUS_0x03f4,User1012,40,212-32-2012,Artist,2023-03-01,2023-03-01 00:00:00
CUS_0x03f5,User1013,41,213-33-2013,"",2023-03-01,2023-03-01 00:00:00
CUS_0x03f6,User1014,42,214-34-2014,Engineer,2023-03-01,2023-03-01 00:00:00
CUS_0x03f7,User1015,43,215-35-2015,Teacher,2023-03-01,2023-03-01 00:00:00
CUS_0x03f8,User1016,44,216-36-2016,Doctor,2023-03-01,2023-03-01 00:00:00
CUS_0x03f9,User1017,45,217-37-2017,Clerk,2023-03-01,2023-03-01 00:00:00
CUS_0x03fa,User1018,46,218-38-2018,Artist,2023-03-01,2023-03-01 00:00:00
CUS_0x03fb,User1019,47,219-39-2019,"",2023-03-01,2023-03-01 00:00:00
CUS_0x03fc,User1020,48,220-40-2020,Engineer,2023-03-01,2023-03-01 00:00:00
CUS_0x03fd,User1021,49,221-41-2021,Teacher,2023-03-01,2023-03-01 00:00:00
CUS_0x03fe,User1022,50,222-42-2022,Doctor,2023-03-01,2023-03-01 00:00:00
CUS_0x03ff,User1023,51,223-43-2023,Clerk,2023-03-01,2023-03-01 00:00:00
CUS_0x0400,User1024,52,224-44-2024,Artist,2023-03-01,2023-03-01 00:00:00
CUS_0x0401,User1025,53,225-45-2025,"",2023-03-01,2023-03-01 00:00:00
CUS_0x0402,User1026,54,226-46-2026,Engineer,2023-03-01,2023-03-01 00:00:00
CUS_0x0403,User1027,55,227-47-2027,Teacher,2023-03-01,2023-03-01 00:00:00
CUS_0x0404,User1028,56,228-48-2028,Doctor,2023-03-01,2023-03-01 00:00:00
CUS_0x0405,User1029,57,229-49-2029,Clerk,2023-03-01,2023-03-01 00:00:00
CUS_0x0406,User1030,58,230-50-2030,Artist,2023-03-01,2023-03-01 00:00:00
CUS_0x0407,User1031,59,231-51-2031,"",2023-03-01,2023-03-01 00:00:00
CUS_0x0408,User1032,60,232-52-2032,Engineer,2023-03-01,2023-03-01 00:00:00
CUS_0x0409,User1033,61,233-53-2033,Teacher,2023-03-01,2023-03-01 00:00:00
CUS_0x040a,User1034,62,234-54-2034,Doctor,2023-03-01,2023-03-01 00:00:00
CUS_0x040b,User1035,63,235-55-2035,Clerk,2023-03-01,2023-03-01 00:00:00
CUS_0x040c,User1036,64,236-56-2036,Artist,2023-03-01,2023-03-01 00:00:00
CUS_0x040d,User1037,65,237-57-2037,"",2023-03-01,2023-03-01 00:00:00
CUS_0x040e,User1038,66,238-58-2038,Engineer,2023-03-01,2023-03-01 00:00:00
CUS_0x040f,User1039,67,239-59-2039,Teacher,2023-03-01,2023-03-01 00:00:00
CUS_0x0410,User1040,68,240-60-2040,Doctor,2023-03-01,2023-03-01 00:00:00
CUS_0x0411,User1041,69,241-61-2041,Clerk,2023-03-01,2023-03-01 00:00:00
CUS_0x0412,User1042,70,242-62-2042,Artist,2023-03-01,2023-03-01 00:00:00
CUS_0x0413,User1043,71,243-63-2043,"",2023-03-01,2023-03-01 00:00:00
CUS_0x0414,User1044,72,244-64-2044,Engineer,2023-03-01,2023-03-01 00:00:00
CUS_0x0415,User1045,18,245-65-2045,Teacher,2023-03-01,2023-03-01 00:00:00
CUS_0x0416,User1046,19,246-66-2046,Doctor,2023-03-01,2023-03-01 00:00:00
CUS_0x0417,User1047,20,247-67-2047,Clerk,2023-03-01,2023-03-01 00:00:00
CUS_0x0418,User1048,21,248-68-2048,Artist,2023-03-01,2023-03-01 00:00:00
CUS_0x0419,User1049,22,249-69-2049,"",2023-03-01,2023-03-01 00:00:00
CUS_0x041a,User1050,23,250-70-2050,Engineer,2023-03-01,2023-03-01 00:00:00
CUS_0x041b,User1051,24,251-71-2051,Teacher,2023-03-01,2023-03-01 00:00:00
CUS_0x041c,User1052,25,252-72-2052,Doctor,2023-03-01,2023-03-01 00:00:00
CUS_0x041d,User1053,26,253-73-2053,Clerk,2023-03-01,2023-03-01 00:00:00
CUS_0x041e,User1054,27,254-74-2054,Artist,2023-03-01,2023-03-01 00:00:00
CUS_0x041f,User1055,28,255-75-2055,"",2023-03-01,2023-03-01 00:00:00
CUS_0x0420,User1056,29,256-76-2056,Engineer,2023-03-01,2023-03-01 00:00:00
CUS_0x0421,User1057,30,257-77-2057,Teacher,2023-03-01,2023-03-01 00:00:00
CUS_0x0422,User1058,31,258-78-2058,Doctor,2023-03-01,2023-03-01 00:00:00
CUS_0x0423,User1059,32,259-79-2059,Clerk,2023-03-01,2023-03-01 00:00:00
CUS_0x0424,User1060,33,260-80-2060,Artist,2023-03-01,2023-03-01 00:00:00
CUS_0x0425,User1061,34,261-81-2061,"",2023-03-01,2023-03-01 00:00:00
CUS_0x0426,User1062,35,262-82-2062,Engineer,2023-03-01,2023-03-01 00:00:00
CUS_0x0427,User1063,36,263-83-2063,Teacher,2023-03-01,2023-03-01 00:00:00
CUS_0x0428,User1064,37,264-84-2064,Doctor,2023-03-01,2023-03-01 00:00:00
CUS_0x0429,User1065,38,265-85-2065,Clerk,2023-03-01,2023-03-01 00:00:00
CUS_0x042a,User1066,39,266-86-2066,Artist,2023-03-01,2023-03-01 00:00:00
CUS_0x042b,User1067,40,267-87-2067,"",2023-03-01,2023-03-01 00:00:00
CUS_0x042c,User1068,41,268-88-2068,Engineer,2023-03-01,2023-03-01 00:00:00
CUS_0x042d,User1069,42,269-89-2069,Teacher,2023-03-01,2023-03-01 00:00:00
CUS_0x042e,User1070,43,270-90-2070,Doctor,2023-03-01,2023-03-01 00:00:00
CUS_0x042f,User1071,44,271-91-2071,Clerk,2023-03-01,2023-03-01 00:00:00
CUS_0x0430,User1072,45,272-92-2072,Artist,2023-03-01,2023-03-01 00:00:00
CUS_0x0431,User1073,46,273-93-2073,"",2023-03-01,2023-03-01 00:00:00
CUS_0x0432,User1074,47,274-94-2074,Engineer,2023-03-01,2023-03-01 00:00:00
CUS_0x0433,User1075,48,275-95-2075,Teacher,2023-03-01,2023-03-01 00:00:00
CUS_0x0434,User1076,49,276-96-2076,Doctor,2023-03-01,2023-03-01 00:00:00
CUS_0x0435,User1077,50,277-97-2077,Clerk,2023-03-01,2023-03-01 00:00:00
CUS_0x0436,User1078,51,278-98-2078,Artist,2023-03-01,2023-03-01 00:00:00
CUS_0x0437,User1079,52,279-99-2079,"",2023-03-01,2023-03-01 00:00:00
CUS_0x0438,User1080,53,280-10-2080,Engineer,2023-03-01,2023-03-01 00:00:00
CUS_0x0439,User1081,54,281-11-2081,Teacher,2023-03-01,2023-03-01 00:00:00
CUS_0x043a,User1082,55,282-12-2082,Doctor,2023-03-01,2023-03-01 00:00:00
CUS_0x043b,User1083,56,283-13-2083,Clerk,2023-03-01,2023-03-01 00:00:00
CUS_0x043c,User1084,57,284-14-2084,Artist,2023-03-01,2023-03-01 00:00:00
CUS_0x043d,User1085,58,285-15-2085,"",2023-03-01,2023-03-01 00:00:00
CUS_0x043e,User1086,59,286-16-2086,Engineer,2023-03-01,2023-03-01 00:00:00
CUS_0x043f,User1087,60,287-17-2087,Teacher,2023-03-01,2023-03-01 00:00:00
CUS_0x0440,User1088,61,288-18-2088,Doctor,2023-03-01,2023-03-01 00:00:00
CUS_0x0441,User1089,62,289-19-2089,Clerk,2023-03-01,2023-03-01 00:00:00
CUS_0x0442,User1090,63,290-20-2090,Artist,2023-03-01,2023-03-01 00:00:00
CUS_0x0443,User1091,64,291-21-2091,"",2023-03-01,2023-03-01 00:00:00
CUS_0x0444,User1092,65,292-22-2092,Engineer,2023-03-01,2023-03-01 00:00:00
CUS_0x0445,User1093,66,293-23-2093,Teacher,2023-03-01,2023-03-01 00:00:00
CUS_0x0446,User1094,67,294-24-2094,Doctor,2023-03-01,2023-03-01 00:00:00
CUS_0x0447,User1095,68,295-25-2095,Clerk,2023-03-01,2023-03-01 00:00:00
CUS_0x0448,User1096,69,296-26-2096,Artist,2023-03-01,2023-03-01 00:00:00
CUS_0x0449,User1097,70,297-27-2097,"",2023-03-01,2023-03-01 00:00:00
CUS_0x044a,User1098,71,298-28-2098,Engineer,2023-03-01,2023-03-01 00:00:00
CUS_0x044b,User1099,72,299-29-2099,Teacher,2023-03-01,2023-03-01 00:00:00
CUS_0x044c,User1100,18,300-30-2100,Doctor,2023-03-01,2023-03-01 00:00:00
CUS_0x044d,User1101,19,301-31-2101,Clerk,2023-03-01,2023-03-01 00:00:00
CUS_0x044e,User1102,20,302-32-2102,Artist,2023-03-01,2023-03-01 00:00:00
CUS_0x044f,User1103,21,303-33-2103,"",2023-03-01,2023-03-01 00:00:00
CUS_0x0450,User1104,22,304-34-2104,Engineer,2023-03-01,2023-03-01 00:00:00
CUS_0x0451,User1105,23,305-35-2105,Teacher,2023-03-01,2023-03-01 00:00:00
CUS_0x0452,User1106,24,306-36-2106,Doctor,2023-03-01,2023-03-01 00:00:00
CUS_0x0453,User1107,25,307-37-2107,Clerk,2023-03-01,2023-03-01 00:00:00
CUS_0x0454,User1108,26,308-38-2108,Artist,2023-03-01,2023-03-01 00:00:00
CUS_0x0455,User1109,27,309-39-2109,"",2023-03-01,2023-03-01 00:00:00
CUS_0x0456,User1110,28,310-40-2110,Engineer,2023-03-01,2023-03-01 00:00:00
CUS_0x0457,User1111,29,311-41-2111,Teacher,2023-03-01,2023-03-01 00:00:00
CUS_0x0458,User1112,30,312-42-2112,Doctor,2023-03-01,2023-03-01 00:00:00
CUS_0x0459,User1113,31,313-43-2113,Clerk,2023-03-01,2023-03-01 00:00:00
CUS_0x045a,User1114,32,314-44-2114,Artist,2023-03-01,2023-03-01 00:00:00
CUS_0x045b,User1115,33,315-45-2115,"",2023-03-01,2023-03-01 00:00:00
CUS_0x045c,User1116,34,316-46-2116,Engineer,2023-03-01,2023-03-01 00:00:00
CUS_0x045d,User1117,35,317-47-2117,Teacher,2023-03-01,2023-03-01 00:00:00
CUS_0x045e,User1118,36,318-48-2118,Doctor,2023-03-01,2023-03-01 00:00:00
CUS_0x045f,User1119,37,319-49-2119,Clerk,2023-03-01,2023-03-01 00:00:00
CUS_0x0460,User1120,38,320-50-2120,Artist,2023-03-01,2023-03-01 00:00:00
CUS_0x0461,User1121,39,321-51-2121,"",2023-03-01,2023-03-01 00:00:00
CUS_0x0462,User1122,40,322-52-2122,Engineer,2023-03-01,2023-03-01 00:00:00
CUS_0x0463,User1123,41,323-53-2123,Teacher,2023-03-01,2023-03-01 00:00:00
CUS_0x0464,User1124,42,324-54-2124,Doctor,2023-03-01,2023-03-01 00:00:00
CUS_0x0465,User1125,43,325-55-2125,Clerk,2023-03-01,2023-03-01 00:00:00
CUS_0x0466,User1126,44,326-56-2126,Artist,2023-03-01,2023-03-01 00:00:00
CUS_0x0467,User1127,45,327-57-2127,"",2023-03-01,2023-03-01 00:00:00
CUS_0x0468,User1128,46,328-58-2128,Engineer,2023-03-01,2023-03-01 00:00:00
CUS_0x0469,User1129,47,329-59-2129,Teacher,2023-03-01,2023-03-01 00:00:00
CUS_0x046a,User1130,48,330-60-2130,Doctor,2023-03-01,2023-03-01 00:00:00
CUS_0x046b,User1131,49,331-61-2131,Clerk,2023-03-01,2023-03-01 00:00:00
CUS_0x046c,User1132,50,332-62-2132,Artist,2023-03-01,2023-03-01 00:00:00
CUS_0x046d,User1133,51,333-63-2133,"",2023-03-01,2023-03-01 00:00:00
CUS_0x046e,User1134,52,334-64-2134,Engineer,2023-03-01,2023-03-01 00:00:00
CUS_0x046f,User1135,53,335-65-2135,Teacher,2023-03-01,2023-03-01 00:00:00
CUS_0x0470,User1136,54,336-66-2136,Doctor,2023-03-01,2023-03-01 00:00:00
CUS_0x0471,User1137,55,337-67-2137,Clerk,2023-03-01,2023-03-01 00:00:00
CUS_0x0472,User1138,56,338-68-2138,Artist,2023-03-01,2023-03-01 00:00:00
CUS_0x0473,User1139,57,339-69-2139,"",2023-03-01,2023-03-01 00:00:00
CUS_0x0474,User1140,58,340-70-2140,Engineer,2023-03-01,2023-03-01 00:00:00
CUS_0x0475,User1141,59,341-71-2141,Teacher,2023-03-01,2023-03-01 00:00:00
CUS_0x0476,User1142,60,342-72-2142,Doctor,2023-03-01,2023-03-01 00:00:00
CUS_0x0477,User1143,61,343-73-2143,Clerk,2023-03-01,2023-03-01 00:00:00
CUS_0x0478,User1144,62,344-74-2144,Artist,2023-03-01,2023-03-01 00:00:00
CUS_0x0479,User1145,63,345-75-2145,"",2023-03-01,2023-03-01 00:00:00
CUS_0x047a,User1146,64,346-76-2146,Engineer,2023-03-01,2023-03-01 00:00:00
CUS_0x047b,User1147,65,347-77-2147,Teacher,2023-03-01,2023-03-01 00:00:00
CUS_0x047c,User1148,66,348-78-2148,Doctor,2023-03-01,2023-03-01 00:00:00
CUS_0x047d,User1149,67,349-79-2149,Clerk,2023-03-01,2023-03-01 00:00:00
